{
    "url": "https://www.ujjivansfb.in/agreements",
    "domain": "Details",
    "class": "Regulaatory",
    "main_title": "Agreements",
    "subtitle": {
        "elements": [
            {
                "text": "Individual Loan Agreement",
                "content": [
                    {
                        "text":[ "https://ujjivansfb.in/pdf/individual_loan_agreements.pdf"
                        ]
                    }
                ]
            },
            {
                "text": "Agri Group Loan Agreement.",
                "content": [
                    {
                        "text":[ "https://ujjivansfb.in/pdf/Agricultural_Group_Loan.pdf"
                        ]
                    }
                ]
            },
            {
                "text": "Group Loan Agreement",
                "content": [
                    {
                        "text":[ "https://ujjivansfb.in/pdf/Group_Loan_Agreement_04032020.pdf"
                        ]
                    }
                ]
            }
        ]
    }
}