{
    "url": "https://www.ujjivansfb.in/pdf/GSTINs.pdf",
    "domain": "Home",
    "class": "Regulatory",
    "main_title": "GST Registration Numbers",
    "subtitle": {
        "elements": [
            {
                "text": "",
                "content": [
                    {
                        "text": [
                            "https://www.ujjivansfb.in/pdf/GSTINs.pdf"
                        ]
                    }
                ]
            }
        ]
    }
}