{
    "url": "https://www.ujjivansfb.in/pdf/List_Of_DSAs.pdf",
    "domain": "Home",
    "class": "Regulatory",
    "main_title": "List of DSAs",
    "subtitle": {
        "elements": [
            {
                "text": "",
                "content": [
                    {
                        "text": [
                           "https://www.ujjivansfb.in/pdf/List_Of_DSAs.pdf"
                        ]
                    }
                ]
            }
        ]
    }
}