{
    "url": "https://ujjivansfb.in/assets/web_pdfs/20/original/MCLR_April_2020.pdf",
    "domain": "Home",
    "class": "Regulatory",
    "main_title": "MCLR Rate",
    "subtitle": {
        "elements": [
            {
                "text": "",
                "content": [
                    {
                        "text": [
                           "https://ujjivansfb.in/assets/web_pdfs/20/original/MCLR_April_2020.pdf"
                        ]
                    }
                ]
            }
        ]
    }
}