{
    "url": "https://www.ujjivansfb.in/policies",
    "domain": "Details",
    "class": "Regulatory",
    "main_title": "Policies",
    "subtitle": {
        "elements": [
            {
                "text": "Ujjivan MSE Policy - covering PSL, Rehabilitation and Settlement 2019.",
                "content": [
                    {
                        "text": [
"https://ujjivansfb.in/pdf/Ujjivan_MSE_Policy_covering_PSL_Rehabilitation_and_Settlement_2019.pdf"
                        ]
                    }
                ]
            },
            {
                "text": "Cheque Collection Policy",
                "content": [
                    {
                        "text": [
                            "https://ujjivansfb.in/pdf/Cheque-Collection-Policy.pdf"
                        ]
                    }
                ]
            },
            {
                "text": "Citizens Charter",
                "content": [
                    {
                        "text": [
                            "https://ujjivansfb.in/pdf/Citizens-Charter.pdf"
                        ]
                    }
                ]
            },
            {
                "text": "Comprehensive Deposit Policy",
                "content": [
                    {
                        "text": [
                                   "https://ujjivansfb.in/pdf/5B_Comprehensive_Deposit_Policy.pdf"
                        ]
                    }
                ]
            },
            {
                "text": "Customer Rights Policy",
                "content": [
                    {
                        "text": [
                              "https://ujjivansfb.in/pdf/Customer-Rights-Policy.pdf"
                        ]
                    }
                ]
            },
            {
                "text": "Customer Compensation Policy",
                "content": [
                    {
                        "text": [
                                  "https://ujjivansfb.in/pdf/Customer_Compensation_Policy.pdf"
                        ]
                    }
                ]
            },
            {
                "text": "Fair Practices Code for Lenders",
                "content": [
                    {
                        "text": [
                                  "https://ujjivansfb.in/pdf/fair-practices-code-for-lenders.pdf"
                        ]
                    }
                ]
            },
            {
                "text": "Grievance Redressal Policy",
                "content": [
                    {
                        "text": [
                                  "https://ujjivansfb.in/pdf/Customer_Grievance_Redressal_Policy.pdf"
                        ]
                    }
                ]
            },
            {
                "text": "Feature of Rs 10 Notes",
                "content": [
                    {
                        "text": [
                                   "https://ujjivansfb.in/pdf/Feature-of-Rs-10-notes.pdf"
                        ]
                    }
                ]
            },
            {
                "text": "Feature of Rs 50 Notes",
                "content": [
                    {
                        "text": [
                                    "https://ujjivansfb.in/pdf/Feature-of-Rs-50-notes.pdf" 
                        ]
                    }
                ]
            },
            {
                "text": "Policy on collection of dues and repossession of security",
                "content": [
                    {
                                                "text":[
"https://ujjivansfb.in/pdf/Policy_on_collection_of_dues_and_repossession_of_security.pdf"
                        ]
                    }
                ]
            },
            {
                "text": "Policy on Settlement of Claims in Respect of Deceased Account Holders",
                "content": [
                    {
                        "text": [ "https://ujjivansfb.in/pdf/Policy_on_Settlement_of_Claims_in_Respect_of_Deceased_Account_Holders.pdf"
                        ]
                    }
                ]
            },
            {
                "text": "Policy on Frequent Dishonour of Cheques",
                "content": [
                    {
                        "text": [
                              "https://ujjivansfb.in/pdf/policy-on-frequent-dishonour-of-cheques.pdf"
                        ]
                    }
                ]
            }
        ]
    }
}