{
    "url": "https://www.ujjivansfb.in/regulatory-disclosure-section",
    "domain": "Details",
    "class": "Regulatory",
    "main_title": "Regulatory Disclosure Section",
    "subtitle": {
        "elements": [
            {
                "text": "Pillar III Disclosures for quarter ended 31, December, 2019",
                "content": [
                    {
                        "text": [
                            "https://ujjivansfb.in/pdf/Basel_disclosures_31st_Dec_19_Final.pdf"
                        ]
                    }
                ]
            },
            {
                "text": "Pillar III disclosures for quarter ended 30, September, 2019",
                "content": [
                    {
                        "text":[                                                                                         "https://ujjivansfb.in/pdf/Basel_2_disclosures_30th_Sept_2019_Final.pdf"
                        ]
                    }
                ]
            },
            {
                "text": "Pillar III Disclosures for quarter ended 30, June, 2019",
                "content": [
                    {
                        "text":[                                                                                     "https://ujjivansfb.in/pdf/Basel_II_disclosures_30th_June_2019_Final.pdf"
                        ]
                    }
                ]
            },
            {
                "text": "Pillar III Disclosures for financial year ended 31, March, 2019",
                "content": [
                    {
                         "text":[
        
       "https://ujjivansfb.in/pdf/Pillar_III_Dislcosure_for_Financial_Year_ended_31st_March_2019.pdf"
                        ]
                    }
                ]
            },
            {
                "text": "Pillar III Disclosures for quarter ended 31, December, 2018",
                "content": [
                    {
                        "text":[ 
                           "https://ujjivansfb.in/pdf/Basel-II-disclosures_31st-Dec-18-Final.pdf"
                        ]
                    }
                ]
            },
            {
                "text": "Pillar III Disclosures for quarter ended 30, September, 2018",
                "content": [
                    {
                        "text":[
                            "https://ujjivansfb.in/pdf/USFB-Basel-II-Disclosures_30th-Sept.pdf"
                        ]
                    }
                ]
            },
            {
                "text": "Pillar III Disclosures for quarter ended 30, June, 2018",
                "content": [
                    {
                        "text":[
                            "https://ujjivansfb.in/pdf/USFB-Basel-II-Disclosures-30th-June-2018.pdf"
                        ]
                    }
                ]
            },
            {
                "text": "Pillar III Disclosures for financial year ended 31st March 2018",
                "content": [
                    {
                        "text":[
                            "https://ujjivansfb.in/pdf/USFB-Basel-III-Disclosures-March-31-2018.pdf"
                        ]
                    }
                ]
            },
            {
                "text": "Pillar III Disclosures for quarter ended 31, December, 2017",
                "content": [
                    {
                        "text":[
                            "https://ujjivansfb.in/pdf/USFB-Basel-II-Pillar-3-Disclosures-December-2017.pdf"
                        ]
                    }
                ]
            },
            {
                "text": "Pillar III Disclosures for Half Year ended 30, September, 2017",
                "content": [
                    {
                        "text":[
                            "https://ujjivansfb.in/pdf/USFB-Basel-II-Pillar-3-Disclosures.pdf"
                        ]
                    }
                ]
            },
            {
                "text": "Basel III Disclosures for the financial year ended 31, March, 2017",
                "content": [
                    {
                        "text":[
                            "https://ujjivansfb.in/pdf/USFB-Basel-III-Disclosures-March-31-2017.pdf"
                        ]
                    }
                ]
            },
            {
                "text": "Liquidity Coverage Ratio (LCR) -31, March, 2017",
                "content": [
                    {
                        "text":[
                            "https://ujjivansfb.in/pdf/LCR-March-2017.pdf"
                        ]
                    }
                ]
            }
        ]
    }
}