{
    "url": "https://www.ujjivansfb.in/institutional-current-account",
    "domain": "NRI",
    "class": "Products",
    "main_title": " TASC CURRENT ACCOUNT",
    "subtitle": {
        "elements": [
            {
                "text": " Benefits of Ujjivan Bank TASC Current Account:",
                "content": [
                    {
                        "text": [
                            " Free cash deposits across all Ujjivan Small Finance Bank branches up to 15 times of Monthly Average Balance (MAB) previous month.",
                            " Unlimited cash withdrawal.",
                            " Door step Banking.",
                            " Monthly e-statement.",
                            " Electronic Fund Transfer NEFT, RTGS, IMPS at nominal costs.",
                            " Transaction alerts and updates of your account.",
                            " 24x7 Customer Care.",
                            " Non-cash services (DD and PO transactions at nominal cost)."
                        ]
                    }
                ]
            },
            {
                "text": " Features:",
                "content": [
                    {
                        "text": [
                            " No Average Monthly Balance criteria.",
                            " No initial deposit for account opening.",
                            " Monthly e-statement (on request).",
                            " Payable at Par cheque book with no usage charge.",
                            " Free Outstation Cheque Collection at Ujjivan SFB locations across the country.",
                            " Monthly Physical statement on request, free (not provided if opted for e-statement).",
                            " At Par cheque Book 50 Leaf P.M free.",
                            " Free cash deposits across all Ujjivan Small Finance Bank branches up to 15 times of Monthly Average Balance (MAB) previous month.",
                            " 100 free Electronic Fund Transfers.",
                            " Transaction Alert."
                        ]
                    }
                ]
            },
            {
                "text": " Value Added Services:",
                "content": [
                    {
                        "text": [
                            " CMS",
                            " POS",
                            " NACH",
                            " Internet Payment Getaway.",
                            " Business Net Banking."
                        ]
                    }
                ]
            }
        ]
    }
}