{
    "url": "https://www.ujjivansfb.in/institutional-savings-account",
    "domain": "NRI",
    "class": "Products",
    "main_title": " INSTITUTIONAL SEGMENT (TASC): SAVINGS ACCOUNT",
    "subtitle": {
        "elements": [
            {
                "text": " Features:",
                "content": [
                    {
                        "text": [
                            " No Average Balance criteria.",
                            " No initial deposit for account opening.",
                            " Passbook facility On request free.",
                            " Monthly e-statement (on request).",
                            " Monthly Physical statement on request, free (not provided if opted for e-statement).",
                            " 2 cheque books ( 50 leaves) Free per month.",
                            " Number and amount of withdrawals at branch (monthly) Unlimited.",
                            " 100 free Electronic Fund Transfers."
                        ]
                    }
                ]
            },
            {
                "text": " Rate of Interest:",
                "content": [
                    {
                        "text": [
                            " For interest rate, click here.",
                            " Interest calculation on daily end of day balances.",
                            " Interest credited quarterly."
                        ]
                    }
                ]
            },
            {
                "text": " Services Offered:",
                "content": [
                    {
                        "text": [
                            " Standing instructions facility.",
                            " Number and amount of withdrawals at branch (monthly) Unlimited.",
                            " SMS alert facility."
                        ]
                    }
                ]
            }
        ]
    }
}