{
    "url": "https://www.ujjivansfb.in/institutional-deposits",
    "domain": "NRI",
    "class": "Products",
    "main_title": " TASC FIXED DEPOSITS",
    "subtitle": {
        "elements": [
            {
                "text": "",
                "content": [
                    {
                        "text": [
                            " Minimum amount - `25,000 and in multiples of `1000 thereof.",
                            " Fixed Deposits can be opened for a minimum period of 7 days to a maximum of 10 years.",
                            " Interest payment options - monthly, quarterly, half yearly, annually and at Maturity.",
                            " Premature Closure and Partial Withdrawal facility allowed.",
                            " The rate of interest paid for fixed deposits will vary according to tenure and amount."
                        ]
                    }
                ]
            }
        ]
    }
}