{
    "url": "https://www.ujjivansfb.in/faq",
    "domain": "Home",
    "class": "Customer Care",
    "main_title": "Frequently Asked Questions (SMS Banking)",
    "subtitle": {
        "elements": [
            {
                "text": "What is Ujjivan SMS Banking?",
                "content": [
                    {
                        "text": [
                            "\nUjjivan SMS Banking is a service that enables customers to make enquiries using SMS codes provided by the Bank.\n"
                        ]
                    }
                ]
            },
            {
                "text": "Are there any charges associated with Ujjivan SMS Banking?",
                "content": [
                    {
                        "text": [
                            "\nThe Bank does not charge its customers for Ujjivan SMS Banking. However, standard SMS charges will be applicable as per your telecom service provider.\n"
                        ]
                    }
                ]
            },
            {
                "text": "Do I have to register my mobile number with the Bank for using Ujjivan SMS Banking?",
                "content": [
                    {
                        "text": [
                            "\nYes, your mobile number needs to be registered with the Bank for using Ujjivan SMS Banking.\n"
                        ]
                    }
                ]
            },
            {
                "text": "What are the services offered by Ujjivan SMS Banking? What are the SMS codes for those services?",
                "content": [
                    {
                        "text": [
                            "\nUjjivan SMS Banking services and codes that must be sent to 9243232121 are as follows:\n\n\n\n\n\n\nServices offered\nSMS Code if a customer has a  single account with the Bank\nSMS Code if customer has more than one account with the Bank\n\n\nBalance enquiry\nBAL\nBAL <last four digits of account number>\n\n\nMini statement\nMIN\nMIN <last four digits of account number>\n\n\nKnow customer ID\nCUST\nCUST\n\n\nFixed deposit enquiry\nFDE\nFDE <last four digits of account number>\n\n\nRecurring deposit enquiry\nRDE\nRDE <last four digits of account number>\n\n\nCheque book request\nCBR\nCBR <last four digits of account number>\n\n\nCheque status enquiry\nCHQ<cheque number>\nCHQ <cheque number>\n\n\n\n",
                            "\n\n\n\n\n\nServices offered\nSMS Code if a customer has a  single account with the Bank\nSMS Code if customer has more than one account with the Bank\n\n\nBalance enquiry\nBAL\nBAL <last four digits of account number>\n\n\nMini statement\nMIN\nMIN <last four digits of account number>\n\n\nKnow customer ID\nCUST\nCUST\n\n\nFixed deposit enquiry\nFDE\nFDE <last four digits of account number>\n\n\nRecurring deposit enquiry\nRDE\nRDE <last four digits of account number>\n\n\nCheque book request\nCBR\nCBR <last four digits of account number>\n\n\nCheque status enquiry\nCHQ<cheque number>\nCHQ <cheque number>\n\n\n",
                            "\n\n"
                        ]
                    }
                ]
            }
        ]
    }
}