{
    "url": "https://www.ujjivansfb.in/faq",
    "domain": "Home",
    "class": "Customer Care",
    "main_title": "Frequently Asked Questions (NEFT)",
    "subtitle": {
        "elements": [
            {
                "text": "What is NEFT?",
                "content": [
                    {
                        "text": [
                            "\n\nNational Electronic Funds Transfer (NEFT) is a nation-wide payment system facilitating one-to-one funds transfer. Thissystem of fund transfer operates on a Deferred Net Settlement basis. Fund transfer transactions are settled in batches. Presently, NEFT operates in hourly batches from 8 am to 7pm on week days and working Saturday (excluding 2\nnd\nand 4\nth\nSaturdays). Any transaction initiated after a designated settlement time would have to wait till the next designated settlement time.\n\n"
                        ]
                    }
                ]
            },
            {
                "text": "When does beneficiary gets payment for NEFT fund transfer?",
                "content": [
                    {
                        "text": [
                            "\n\nNEFT operates in hourly batches. Currently there are twelve settlements from 8 am to 7 pm on week days and working Saturday (excluding 2\nnd\nand 4\nth\nSaturdays. Therefore, the beneficiary can expect the credit for the transactions put through between 8 am to 6 pm on weekdays and working Saturday (excluding 2\nnd\nand 4\nth\nSaturdays) on the same day. For transactions settled in the 6 and 7 pm batches on week days and working Saturday (excluding 2\nnd\nand 4\nth\nSaturdays) on the same day, the credit will be afforded either on the same day or on the next working day.\n\n"
                        ]
                    }
                ]
            },
            {
                "text": "How can I transfer fund using NEFT through Ujjivan Mobile App?",
                "content": [
                    {
                        "text": [
                            "\nSteps to transfer money to bank accounts using NEFT are as follows:\n\nLogin using mPIN\nClick on \u201cMoney Transfer\u201d from the vertical slider menu\nSelect \u201cOther Bank \u2013 NEFT\u201d\nIn \u201cFrom Account\u201d field, select the account number from which money will be transferred\nFrom \u201cBeneficiary\u201d field, select the beneficiary\nEnter the amount to be transferred\nMention remarks, if any\nClick on \u201cSubmit\u201d\nVerify details and click on \u201cConfirm\u201d\nEnter OTP sent to the mobile number registered with the Bank\nClick on \u201cTransfer\u201d\nYour Transaction gets completed and your payment confirmation report will be displayed on the screen.\n\n"
                        ]
                    }
                ]
            },
            {
                "text": "How can I transfer fund using NEFT through Ujjivan Net Banking?",
                "content": [
                    {
                        "text": [
                            "\nSteps to transfer money to bank accounts using NEFT are as follows-\n\nLogin using Customer ID and password\nClick on \u201cMoney Transfer\u201d from the vertical menu\nSelect \u201cTransfer to Other Bank\u201d\nClick on \u201cNEFT\u201d\nIn \u201cFrom Account\u201d field, select the account number from which money will be transferred\nFrom \u201cBeneficiary\u201d field, select the beneficiary\nEnter the amount to be transferred\nMention remarks, if any\nClick on \u201cSubmit\u201d\nVerify details and click on \u201cConfirm\u201d\nEnter OTP sent to the mobile number registered with the Bank\nClick on \u201cTransfer\u201d\nYour Transaction gets completed and your payment confirmation report will be displayed on the screen.\n\n"
                        ]
                    }
                ]
            },
            {
                "text": "How to add a Beneficiary IMPS through Ujjivan Mobile App?",
                "content": [
                    {
                        "text": [
                            "\nSteps to add a Beneficiary:\n\nLogin using mPIN\nClick on \u201cMoney Transfer\u201d on the vertical slider menu\nSelect \u201cManage Beneficiary\u201d\nClick \u201cAdd Beneficiary\u201d\nClick on submit and verify the OTP sent to your registered mobile number\nBeneficiary will be added and activated.\n\n"
                        ]
                    }
                ]
            },
            {
                "text": "How to add a Beneficiary IMPS through Ujjivan Net Banking?",
                "content": [
                    {
                        "text": [
                            "\nSteps to add a Beneficiary:\n\nLogin using Customer ID and password\nClick on \u201cMoney Transfer\u201d in the vertical menu\nSelect \u201cManage Beneficiary\u201d\nClick \u201cAdd Beneficiary\u201d\nClick on submit and verify the OTP sent to your registered mobile number\nBeneficiary will be added and activated.\n\n"
                        ]
                    }
                ]
            },
            {
                "text": "What are the restrictions for activation of a beneficiary added by a user?",
                "content": [
                    {
                        "text": [
                            "\nCooling period for adding new beneficiary for fund transfer is 30 minutes. The new beneficiary will be activated in 30 minutes.\nPost activation of beneficiary:\n\nFor first 24 hours restricted transfer limit of Upto 10,000 will apply (mobile and Net Banking)\nPost 24 hours regular limit will prevail.\nMaximum of 5 new beneficiaries can be added in a day.\n\nThere is a combined level limit of\n`10,00,000\n\n\n"
                        ]
                    }
                ]
            },
            {
                "text": "What is the limit on the value of transactions using NEFT transaction?",
                "content": [
                    {
                        "text": [
                            "\nNet Banking\n\n\n\n\n\n\n\n\n\nInterbank Fund Transfer For Registered Beneficiary(Ujjivan bank a/c to Other Bank a/c)\n\n\n\nFund transfer Mode\n\nPer Transaction Limit (`)\n\n\nPer Day Limit (\n` `\n)\n\n\n\n\nNEFT\n\n\n50,000\n\n\n2,00,000\n\n\n\n\n\nMobile Banking\n\n\n\n\n\n\n\n\n\nInterbank Fund Transfer For Registered Beneficiary\n\n(Ujjivan bank a/c to Other Bank a/c)\n\n\n\nFund transfer Mode\n\nPer Transaction Limit (\n`\n)\n\n\nPer Day Limit (\n`\n)\n\n\n\n\nNEFT\n\n\n1,00,000\n\n\n10,00,000\n\n\n\n\n\n",
                            "\n\n\n\n\n\n\n\n\nInterbank Fund Transfer For Registered Beneficiary(Ujjivan bank a/c to Other Bank a/c)\n\n\n\nFund transfer Mode\n\nPer Transaction Limit (`)\n\n\nPer Day Limit (\n` `\n)\n\n\n\n\nNEFT\n\n\n50,000\n\n\n2,00,000\n\n\n\n\n",
                            "\n\n",
                            "\n\n\n\n\n\n\n\n\nInterbank Fund Transfer For Registered Beneficiary\n\n(Ujjivan bank a/c to Other Bank a/c)\n\n\n\nFund transfer Mode\n\nPer Transaction Limit (\n`\n)\n\n\nPer Day Limit (\n`\n)\n\n\n\n\nNEFT\n\n\n1,00,000\n\n\n10,00,000\n\n\n\n\n",
                            "\n\n"
                        ]
                    }
                ]
            },
            {
                "text": "At what time during the day orweek is the NEFT is available?",
                "content": [
                    {
                        "text": [
                            "\nNEFT transactions are sent to RBI as per the following schedule:\n\n\n\n\n\n\n\nTransaction Type\nCut off timing for same day processing\n\n\nMODES\nBranch Timing\nNet Banking Timing\n\n\n\nNEFT (per transaction)\n\n\nMonday to Friday : Branch working hours (9:30am to 4:00 pm)\n\n\nMonday to Friday:6:00pm\n\n\n\n\n\nSaturday (excluding 2\nnd\nand 4\nth\n) : Branch working hours (9:30am to 4:00 pm)\n\n\n\n\nSaturday (excluding 2\nnd\nand 4th): 6:00pm\n\n\n\n\n\n\nPlease note that all the above timings are based on Indian Standard Time (IST) only Credit sent after the Cut off time will be settled in the next NEFT working day.\n",
                            "\n\n\n\n\n\n\nTransaction Type\nCut off timing for same day processing\n\n\nMODES\nBranch Timing\nNet Banking Timing\n\n\n\nNEFT (per transaction)\n\n\nMonday to Friday : Branch working hours (9:30am to 4:00 pm)\n\n\nMonday to Friday:6:00pm\n\n\n\n\n\nSaturday (excluding 2\nnd\nand 4\nth\n) : Branch working hours (9:30am to 4:00 pm)\n\n\n\n\nSaturday (excluding 2\nnd\nand 4th): 6:00pm\n\n\n\n\n\n",
                            "\n\n"
                        ]
                    }
                ]
            },
            {
                "text": "What are the charges for the customer for sending and receiving remittances using NEFT?",
                "content": [
                    {
                        "text": [
                            "\nInward Transaction: NIL\nOutward Transaction:\n\nAmounts upto\n`10,000 :\n`2.50 +\nGST .\n\n\nAmounts above\n`10,000\nand upto\n`1,00,000 -\n`5 +\nGST .\n\n\nAmounts above\n`1,00,000\nand upto\n`2,00,000 -\n`15 +\nGST .\n\n\nAmounts above\n`2,00,000 -\n`25 +\nGST .\n\n"
                        ]
                    }
                ]
            },
            {
                "text": "Will I receive any intimation from the bank for the NEFT transaction?",
                "content": [
                    {
                        "text": [
                            "\nOn successful completion of the transaction, alerts will be sent on your preferred mobile number registered with the bank.\n"
                        ]
                    }
                ]
            },
            {
                "text": "What happens if a customer transfers funds using NEFT to a Bank account belonging to a Bank that is not enabled for NEFT Fund Transfer?",
                "content": [
                    {
                        "text": [
                            "\nTransactions to non-NEFT enabled Banks will be rejected and the funds will not be debited from the customer's account\n"
                        ]
                    }
                ]
            },
            {
                "text": "What is the mandatory information required to make NEFT fund transfer?",
                "content": [
                    {
                        "text": [
                            "\nThe remitting customer has to furnish the following information to a bank for effecting a NEFT:\n\nAmount to be remitted\nRemitting customer\u2019s account number which is to be debited\nName and IFSCode of the beneficiary bank\nName of the beneficiary customer\nAccount number of the beneficiary customer\nSender to receiver information, if any\nMobile number / email id (for NEFT to receive credit confirmation)\n\n"
                        ]
                    }
                ]
            },
            {
                "text": "How to find IFSC code of the beneficiary branch?",
                "content": [
                    {
                        "text": [
                            "\nIndian Financial System Code (IFSC) means a unique code of 11 digits of NEFT enabled Branches. The remitting customer can obtain the IFSC of receiving branch from his bank branch. The IFSC code is also available on the RBI website in the following Link:\nNEFT:\n\nhttp://www.rbi.org.in/scripts/neft.aspx\n\n"
                        ]
                    }
                ]
            },
            {
                "text": "If an NEFT transaction is not credited to a beneficiary account, does the Remitter get back the money?",
                "content": [
                    {
                        "text": [
                            "\nYes. If the money cannot be credited for any reason, the beneficiary\u2019s bank has to return the money within next two batches i.e. (B+2)to the remitting bank .Once this amount is received back by the remitting bank, the amount is credited to the Remitter's account by the remitting bank.\n"
                        ]
                    }
                ]
            },
            {
                "text": "Whom do I contact, in case of non-credit or delay in credit to the beneficiary account?",
                "content": [
                    {
                        "text": [
                            "\nYou can contact our bank/branch or the destination bank/branch or the Customer Facilitation Service Centre of the banks.\n\n\nUjjivan Small Finance Bank\n\n\n\nGrape Garden, No.27, 3\nrd\n\u2018A\u2019 Cross, 18\nth\nmain,\n6th Block, Koramangala, Bengaluru 560095, Phone - +91 80 4071212\n\n"
                        ]
                    }
                ]
            }
        ]
    }
}