{
    "url": "https://www.ujjivansfb.in/faq",
    "domain": "Home",
    "class": "Customer Care",
    "main_title": "Frequently Asked Questions (Current Account)",
    "subtitle": {
        "elements": [
            {
                "text": "What are the benefits of Ujjivan\u2019s Current Account - Regular?",
                "content": [
                    {
                        "text": [
                            "\n\n\nFree Cash Deposits upto\n`75,000\nper month across all Ujjivan branches across the country\n\n50 multicity cheques every quarter\n\nMaintain the account at a nominal Minimum Average balance(MAB)  of\n`5,000/-\n\nAccess your account through various channels such as Net Banking, Mobile Banking, ATM, Phone Banking, SMS Banking etc.\nMoney transfer through IMPS/NEFT/RTGS available\n\nDaily withdrawal limit of\n`30,000\nacross ATMs, Point of Sale terminals and e-commerce sites.\n\nUnlimited ATM transactions allowed on Ujjivan\u2019s ATM\n5 transactions allowed on other banks ATMs (metro and non-metro areas)\nAccount closure in any Ujjivan branch across the country\nAnywhere banking!  Ujjivan follows a centralized banking system and has no concept of base and non-base branches\n\n"
                        ]
                    }
                ]
            },
            {
                "text": "How is a Current Account  Premium different than Current Account  Regular?",
                "content": [
                    {
                        "text": [
                            "\n\nFree Cash Deposits upto 10 times the MAB maintained in the previous month across all Ujjivan branches across the country\n100 multicity cheques every quarter\n\nMaintain the account at a nominal Minimum Average Balance(MAB) required of\n`10,000/-\n\n\nDaily withdrawal limit of\n`40,000/-\nacross ATMs, Point of Sale terminals and e-commerce sites\n\n10 transactions allowed on other banks ATMs - metro area and 5 in non-metro areas\n\n"
                        ]
                    }
                ]
            },
            {
                "text": "What is the initial deposit required to open Ujjivan Current Account?",
                "content": [
                    {
                        "text": [
                            "\n\nThe initial deposit to open a Current Account  Regular and Premium is\n`1,000/-\n\n"
                        ]
                    }
                ]
            },
            {
                "text": "How am I eligible for a Current Account?",
                "content": [
                    {
                        "text": [
                            "\nYou are eligible to operate a Regular Current account if you fall under any of the following categories:\n\nIndividuals\nSole proprietorships\nOne person companies\nPartnership\nLimited Company\nLimited Liability Partnership\n\n"
                        ]
                    }
                ]
            },
            {
                "text": "What is MAB and how is it calculated?",
                "content": [
                    {
                        "text": [
                            "\nMonthly Average Balance or MAB is the average of day end balance in the account for all the days in a month.\n"
                        ]
                    }
                ]
            },
            {
                "text": "Is there any penalty for not maintaining the MAB?",
                "content": [
                    {
                        "text": [
                            "\n\nYou will be charged a fee of\n`150/-\nper month for not maintaining the MAB for Current Account Regular and a fee of\n`200/-\nfor not maintaining the MAB for Current Account \u2013 Premium.\n\n"
                        ]
                    }
                ]
            },
            {
                "text": "What are my charges and limits on cash deposit and withdrawal in any Ujjivan Branch in my Current account- Premium?",
                "content": [
                    {
                        "text": [
                            "\n\nEnjoy 100 free cash depositand withdrawal transactions per month across any Ujjivan branch beyond which you will be charged\n`10\ntimes the MAB maintained in the account in the previous month anywhere in the country, beyond which you will be charged\n`2.5 per\n`1,000/-\n\n\nAdditionally, there is no limit on the amount of cash withdrawn from a branch.\n\n"
                        ]
                    }
                ]
            },
            {
                "text": "What are my charges and limits on cash deposit and withdrawal in any Ujjivan Branch in my Current Account- Regular?",
                "content": [
                    {
                        "text": [
                            "\n\nEnjoy 50 free cash deposit and withdrawal transactions per month across any Ujjivan branch beyond which you will be charged\n`10\nper transaction.The free cash deposit limit is up to\n`75,000/-\nbeyond which you will be charged\n`2.5\nper\n`1,000/-\n\n\nAdditionally, there is no limit on the amount of cash withdrawn from a branch.\n\n"
                        ]
                    }
                ]
            },
            {
                "text": "Must I open Current account in each location where I have my company office?",
                "content": [
                    {
                        "text": [
                            "\nNo. As an Ujjivan Current account holder you have the advantage of a single account, multi-location banking facility.\n"
                        ]
                    }
                ]
            },
            {
                "text": "Can I access my Current Account from any Ujjivan Bank branch?",
                "content": [
                    {
                        "text": [
                            "\nYes, you can. Our state of the art centralized banking system provides you with the flexibility of accessing your account from any branch pan-India\n"
                        ]
                    }
                ]
            },
            {
                "text": "What are the documents required for opening a Current Account of Individual?",
                "content": [
                    {
                        "text": [
                            "\n\nIdentity proof and address proof\nRecent Photograph  One\nPAN Card of the proprietor (In case PAN card is not available then Form 49 A along with Form 60 if applied for PAN)\nNo objection certificate (if the individual is enjoying credit facility from any other bank (s)), with tracer for a fortnight for response from the other bank.\n\n\nAny of thefollowing documents could be used for proof of identity and address:\n\n\nAadhaar card issued by Unique Identification Authority of India (UIDAI)\nPassport\nDriving License\nPAN card\nVoter Identity Card\nJob card issued by NREGA duly signed by an officer of the State Government\n\n"
                        ]
                    }
                ]
            },
            {
                "text": "What are the documents required for opening a Current Account of a sole proprietorship firm?",
                "content": [
                    {
                        "text": [
                            "\n\nMandate to open account  Sole proprietor\nProof of Identity of Proprietor\nPAN Card of the Proprietor (In case PAN card is not available then Form 49 A along with Form 60 if applied for PAN)\nProof of identity, address and activity of the concern\nNo objection certificate (if the firm is enjoying credit facility from any other bank (s)), with tracer for a fortnight for response from the other bank.\n\n\nAny of the Following documents could be used for proof of identity:\n\n\nAadhaar card issued by Unique Identification Authority of India (UIDAI)\nPassport\nDriving License\nPAN card\nVoter Identity Card\nJob card issued by NREGA duly signed by an officer of the State Government\n\n\nAny of the following documents could be used to establish proof of address:\n\n\nAny certificate issued for registration/operations/Trade License/business by Local/ State/ Central Government/ Government Agency/ SEBI/ IRDA/ ICAI/ ICSI/ ICWAI/ Office of Registrar of Newspapers for India in the name of entity/firm. Eg: Sales Tax, TIN/ VAT/ TAN etc.\nLatest copy of Electricity Bill, not more than 3 months old.\nLatest copy of Telephone Bill from Telecom operator, not more than 3 months old.\nCertificate issued by Municipal Corporation/ Local Self Government Bodies confirming address of the firm.\nLatest 3 months Bank Statement from a scheduled commercial bank with account opening cheque/Bank passbook/Original letter from existing banker with account opening cheque.\n\n\n** This is only indicative list. Please visit your nearest branch for details\n\n"
                        ]
                    }
                ]
            },
            {
                "text": "What are the documents required for opening a Current Account of One person Companies?",
                "content": [
                    {
                        "text": [
                            "\n\nCertificate of incorporation\nMemorandum and Articles of Association\nResolution of the Board of Directors to open an account and identification of those who have authority to operate the account\nIdentity proof for all authorized signatories\nCopy of the any one officially valid document to prove the address\nNo objection certificate (if the firm is enjoying credit facility from any other bank (s)), with tracer for a fortnight for response from the other bank\nPAN Card of the entity\n\n\nAny of the following documents could be used for proof of identity\n\n\nAadhaar card issued by Unique Identification Authority of India (UIDAI)\nPassport\nDriving License\nPAN card\nVoter Identity Card\nJob card issued by NREGA duly signed by an officer of the State Government\n\n"
                        ]
                    }
                ]
            },
            {
                "text": "What are the documents required for opening a Current Account of Partnerships?",
                "content": [
                    {
                        "text": [
                            "\n\nPartnership deed\nCertificate of incorporation/registration or proof of application for certificate of incorporation\nAccount opening Mandate  Declaration to be signed by all partners\nPower of Attorney granted to a partner or an employee of the firm to transact business on its behalf\nIdentity proof documents for all authorised signatories: Table 1\nProof of Identity , address and activity of the concern (any one document which confirms Entity Name/ Address / Business including any of the above mentioned documents) : Table 2\nNo objection certificate (if the firm is enjoying credit facility from any other bank (s)), with tracer for a fortnight for response from the other bank\nPAN Card of the entity\n\n\nAny of the following documents could be used for proof of identity\n\n\nAadhaar card issued by Unique Identification Authority of India (UIDAI)\nPassport\nDriving License\nPAN card\nVoter Identity Card\nJob card issued by NREGA duly signed by an officer of the State Government\n\n\nAny of the following documents could be used to establish proof of address\n\n\nAny certificate issued for registration/operations/Trade License/business by Local/ State/ Central Government/ Government Agency/ SEBI/ IRDA/ ICAI/ ICSI/ ICWAI/ Office of Registrar of Newspapers for India in the name of entity/firm. Eg: Sales Tax, TIN/ VAT/ TAN etc.\nLatest copy of Electricity Bill, not more than 3 months old.\nLatest copy of Telephone Bill from Telecom operator, not more than 3 months old.\nCertificate issued by Municipal Corporation/ Local Self Government Bodies confirming address of the firm.\nLatest 3 months Bank Statement from a scheduled commercial bank with account opening cheque/Bank passbook/Original letter from existing banker with account opening cheque\n\n\n** This is only indicative list. Please visit your nearest branch for details\n\n"
                        ]
                    }
                ]
            },
            {
                "text": "What are the documents required for opening a Current Account of Limited Liability Partnerships (LLP)?",
                "content": [
                    {
                        "text": [
                            "\n\nLimited Liability partnership (LLP) agreement\nCertificate of incorporation with Registrar of Companies (ROC)\nMandate to open bank account  LLP declaration\nPAN card in the name of the firm\nList of designated partners of LLP along with designated partner identification number (DPIN) downloaded from the MCA website duly attested by the BBL/BSDL with the notation \u201cDownloaded  Verified from Site\u201d under his / her signature and employee number.\nIdentity proof for all authorised signatories/partners\nProof of identity, address and activity of the concern (any two document which confirms Entity Name/ Address / Business)\nNo objection certificate (if the firm is enjoying credit facility from any other bank (s)), with tracer for a fortnight for response from the other bank\n\n\nAny of the Following documents could be used for proof of identity\n\n\nAadhaar card issued by Unique Identification Authority of India (UIDAI)\nPassport\nDriving License\nPAN card\nVoter Identity Card\nJob card issued by NREGA duly signed by an officer of the State Government\n\n\nAny of the following documents could be used to establish proof of address\n\n\nAny certificate issued for registration/operations/Trade License/business by Local/ State/ Central Government/ Government Agency/ SEBI/ IRDA/ ICAI/ ICSI/ ICWAI/ Office of Registrar of Newspapers for India in the name of entity/firm. Eg: Sales Tax, TIN/ VAT/ TAN etc.\nLatest copy of Electricity Bill, not more than 3 months old\nLatest copy of Telephone Bill from Telecom operator, not more than 3 months old\nCertificate issued by Municipal Corporation/ Local Self Government Bodies confirming address of the firm\nLatest 3 months Bank Statement from ascheduled commercial bank with account opening cheque/Bank passbook/Original letter from existing banker with account opening cheque\n\n\n* This is only indicative list. Please visit your nearest branch for details\n\n"
                        ]
                    }
                ]
            },
            {
                "text": "What are the documents required for opening a Current Account of Private limited company",
                "content": [
                    {
                        "text": [
                            "\n\nMandate to open account \u2013 Board Resolution\nCertificate of incorporation\nMemorandum and articles of association\nResolution of the Board of Directors to open an account and identification of those who have authority to operate the account\nIdentity proof for all authorised signatories\nCopy of the any one officially valid document to prove the address\nNo objection certificate (if the firm is enjoying credit facility from any other bank (s)), with tracer for a fortnight for response from the other bank\nPAN Card of the entity\n\n\nAny of the following documents could be used for proof of identity\n\n\nAadhaar card issued by Unique Identification Authority of India (UIDAI)\nPassport\nDriving License\nPAN card\nVoter Identity Card\nJob card issued by NREGA duly signed by an officer of the State Government\n\n\nAny of the following documents could be used to establish proof of address\n\n\nAny certificate issued for registration/operations/Trade License/business by Local/ State/ Central Government/ Government Agency/ SEBI/ IRDA/ ICAI/ ICSI/ ICWAI/ Office of Registrar of Newspapers for India in the name of entity/firm. Eg: Sales Tax, TIN/ VAT/ TAN etc.\nLatest copy of Electricity Bill, not more than 3 months old.\nLatest copy of Telephone Bill from Telecom operator, not more than 3 months old.\nCertificate issued by Municipal Corporation/ Local Self Government Bodies confirming address of the firm.\n\nLatest 3 months Bank Statement from a scheduled commercial bank with account opening cheque/Bank passbook/Original letter from existing banker with account opening cheque.\n\n\n\n** This is only indicative list. Please visit your nearest branch for details\n\n"
                        ]
                    }
                ]
            }
        ]
    }
}