{
    "url": "https://www.ujjivansfb.in/faq",
    "domain": "Home",
    "class": "Customer Care",
    "main_title": "Frequently Asked Questions (IMPS)",
    "subtitle": {
        "elements": [
            {
                "text": "What is IMPS?",
                "content": [
                    {
                        "text": [
                            "\n\nImmediate Payment Service (IMPS) is an instant interbank electronic fund transfer service which can be accessed through Mobile banking or Net Banking. This service is available 24x7, throughout the year including Sundays and any bank holiday. You can send or receive fund via IMPS using their registered mobile number and MMID or Account number and IFSC code.\n\n"
                        ]
                    }
                ]
            },
            {
                "text": "When does Beneficiary gets payment for IMPS fund transfer?",
                "content": [
                    {
                        "text": [
                            "\n\nThe funds should be credited into the Beneficiary account immediately.\n\n"
                        ]
                    }
                ]
            },
            {
                "text": "What is MMID?",
                "content": [
                    {
                        "text": [
                            "\n\nMobile Money Identifier (MMID) is a 7 digit code issued by a participating bank to their Mobile Banking registered customers for availing IMPS service as a Beneficiary. You will have different MMIDs for different accounts and all these could be linked to a single registered mobile number.\n\n"
                        ]
                    }
                ]
            },
            {
                "text": "How can I transfer fund using IMPS through Ujjivan Mobile App?",
                "content": [
                    {
                        "text": [
                            "\n\nTo send money using IMPS -MMID and Mobile Number through Ujjivan Mobile App:\n\n\nLogin using mPIN\nClick on \u201cMoney Transfer\u201d from the vertical slider menu\nSelect \u201cOther Bank \u2013 IMPS\u201d\nFrom \u201cType\u201d filed, select \u201cP2P-Person\u201d\nIn \u201cFrom Account\u201d field, select the account number from which money will be transferred\nEnter Beneficiary mobile number\nEnter Beneficiary MMID\nEnter the amount to be transferred\nMention remarks, if any\nClick on \u201cSubmit\u201d\nVerify details and click on \u201cConfirm\u201d\nEnter OTP sent to the mobile number registered with the Bank\nClick on \u201cTransfer\u201d\nYour Transaction gets completed and your payment confirmation report will be displayed on the screen.\n\nTo send money using IMPS -Account number and IFSC through Ujjivan Mobile App:\n\nLogin using mPIN\nClick on \u201cMoney Transfer\u201d from the vertical slider menu\nSelect \u201cOther Bank \u2013 IMPS\u201d\nFrom \u201cType\u201d field, select \u201cP2A-Account\u201d\nIn \u201cFrom Account\u201d field, select the account number from which money will be transferred\nIn \u201cTo Account\u201d, select the Beneficiary\nEnter amount to be transferred\nMention remarks, if any\nClick on \u201cSubmit\u201d\nVerify details and click on \u201cConfirm\u201d\nEnter OTP sent to the mobile number registered with the Bank\nClick on \u201cTransfer\nYour Transaction gets completed and your payment confirmation report will be displayed on the screen.\n\n"
                        ]
                    }
                ]
            },
            {
                "text": "How can I transfer fund using IMPS through Ujjivan Net Banking?",
                "content": [
                    {
                        "text": [
                            "\n\nTo send money using IMPS -MMID and Mobile Number through Ujjivan Net Banking:\n\n\nLogin using Customer ID and password\nClick on \u201cMoney Transfer\u201d from the vertical menu\nSelect \u201cTransfer to other Bank\u201d\nClick on \u201cIMPS\u201d and select \u201cMobile\u201d\nIn \u201cFrom Account\u201d field, select the account number from which money will be transferred\nEnter Beneficiary mobile number\nEnter Beneficiary MMID\nEnter the amount to be transferred\nMention remarks, if any\nClick on \u201cSubmit\u201d\nVerify details and click on \u201cConfirm\u201d\nEnter OTP sent to the mobile number registered with the Bank\nClick on \u201cTransfer\u201d\nYour Transaction gets completed and your payment confirmation report will be displayed on the screen.\n\nTo send money using IMPS -Account number and IFSC through Ujjivan Net Banking:\n\nLogin using Customer ID and password\nClick on \u201cMoney Transfer\u201d from the vertical menu\nSelect \u201cTransfer to other Bank\u201d\nClick on \u201cIMPS\u201d and select \u201cAccount\u201d\nIn \u201cFrom Account\u201d field, select the account number from which money will be transferred\nIn \u201cTo Account\u201d, select the Beneficiary\nEnter amount to be transferred\nMention remarks, if any\nClick on \u201cSubmit\u201d\nVerify details and click on \u201cConfirm\u201d\nEnter OTP sent to the mobile number registered with the Bank\nClick on \u201cTransfer\u201d\nYour Transaction gets completed and your payment confirmation report will be displayed on the screen.\n\n"
                        ]
                    }
                ]
            },
            {
                "text": "How to add a BeneficiaryIMPS through Ujjivan Mobile App?",
                "content": [
                    {
                        "text": [
                            "\n\nSteps to add a Beneficiary:\n\n\nLogin using mPIN\nClick on \u201cMoney Transfer\u201d in the vertical slider menu\nSelect \u201cManage Beneficiary\u201d\nClick \u201cAdd Beneficiary\u201d\nClick on submit and verify the OTP sent to your registered mobile number\nBeneficiary will be added and activated.\n\n"
                        ]
                    }
                ]
            },
            {
                "text": "How to add a Beneficiary IMPS through Ujjivan Net Banking?",
                "content": [
                    {
                        "text": [
                            "\n\nSteps to add a Beneficiary:\n\n\nLogin using Customer ID and password\nClick on \u201cMoney Transfer\u201d in the vertical menu\nSelect \u201cManage Beneficiary\u201d\nClick \u201cAdd Beneficiary\u201d\nClick on submit and verify the OTP sent to your registered mobile number\nBeneficiary will be added and activated.\n\n"
                        ]
                    }
                ]
            },
            {
                "text": "What are the restrictions for activation of a Beneficiary added by a user?",
                "content": [
                    {
                        "text": [
                            "\n\nCooling period for adding new Beneficiary for fund transfer is 30 minutes. The new Beneficiary will be activated in 30 minutes.\n\nPost activation of Beneficiary:\n\nFor first 24 hours restricted transfer limit of Upto 10,000 will apply (mobile and Net Banking)\nPost 24 hours regular limit will prevail.\nMaximum of 5 new beneficiaries can be added in a day.\n\nThere is a combined level limit of\n`10,00,000\nper day per account for fund transfer. (Mobile + Internet + Handheld)\n\n\n"
                        ]
                    }
                ]
            },
            {
                "text": "How can I Generate MMID for my account through Ujjivan Mobile App?",
                "content": [
                    {
                        "text": [
                            "\n\nLogin using mPIN\nClick on \u201cMoney Transfer\u201d from the vertical slider menu\nClick on \u201cManage MMID\u201d\nSelect \u201cGenerate MMID\u201d\nSelect the account number for which MMID is to be generated\nClick \u201cGenerate\u201d to know MMID\nYou will get 7 -digit MMID for the bank account\n\n"
                        ]
                    }
                ]
            },
            {
                "text": "How can I Generate MMID for my account through Ujjivan Net Banking?",
                "content": [
                    {
                        "text": [
                            "\n\nLogin using Customer ID and password\nClick on \u201cMoney Transfer\u201d from the vertical menu\nClick on \u201cManage MMID\u201d\nSelect the account number for which MMID is to be generated\nClick \u201cGenerate\u201d to know MMID\nYou will get 7 -digit MMID for the bank account\n\n"
                        ]
                    }
                ]
            },
            {
                "text": "How can I View MMID for my account through Ujjivan Mobile App?",
                "content": [
                    {
                        "text": [
                            "\n\nLogin using mPIN\nClick on \u201cMoney Transfer\u201d from the vertical slider menu\nClick on \u201cManage MMID\u201d\nSelect \u201cView MMID\u201d\nSelect the account number for which MMID is to be viewed\nClick \u201cView\u201d to see MMID\n\n"
                        ]
                    }
                ]
            },
            {
                "text": "How can I View MMID for my account through Ujjivan Net Banking?",
                "content": [
                    {
                        "text": [
                            "\n\nLogin using Customer ID and password\nClick on \u201cMoney Transfer\u201d from the vertical menu\nClick on \u201cManage MMID\u201d\nSelect the account number for which MMID is to be viewed\nClick \u201cView\u201d to see MMID\n\n"
                        ]
                    }
                ]
            },
            {
                "text": "What is the limit on the value of transactions using IMPS transaction?",
                "content": [
                    {
                        "text": [
                            "\nMobile Banking\n\n\n\n\n\n\n\n\nInterbank Fund Transfer For Registered Beneficiary\n\n(Ujjivan bank a/c to Other Bank a/c)\n\n\n\nFund transfer Mode\n\nPer Transaction Limit (\n`\n)\n\n\nPer Day Limit (\n`\n)\n\n\n\n\nIMPS P2A\n(Account no + IFSC)\n\n50,000\n1,00,000\n\n\n\nIMPS P2P\n(Mobile number + MMID )\n\n10,000\n10,000\n\n\n\nNet Banking\n\n\n\n\n\n\n\n\nInterbank Fund Transfer For Registered Beneficiary\n\n(Ujjivan bank a/c to Other Bank a/c)\n\n\n\nFund transfer Mode\n\nPer Transaction Limit (`)\n\n\nPer Day Limit (\n`\n)\n\n\n\n\nIMPS P2A\n(Account no + IFSC)\n\n50,000\n1,00,000\n\n\n\nIMPS P2P\n(Mobile number + MMID )\n\n10,000\n50,000\n\n\n\n",
                            "\n\n\n\n\n\n\n\nInterbank Fund Transfer For Registered Beneficiary\n\n(Ujjivan bank a/c to Other Bank a/c)\n\n\n\nFund transfer Mode\n\nPer Transaction Limit (\n`\n)\n\n\nPer Day Limit (\n`\n)\n\n\n\n\nIMPS P2A\n(Account no + IFSC)\n\n50,000\n1,00,000\n\n\n\nIMPS P2P\n(Mobile number + MMID )\n\n10,000\n10,000\n\n\n",
                            "\n\n",
                            "\n\n\n\n\n\n\n\nInterbank Fund Transfer For Registered Beneficiary\n\n(Ujjivan bank a/c to Other Bank a/c)\n\n\n\nFund transfer Mode\n\nPer Transaction Limit (`)\n\n\nPer Day Limit (\n`\n)\n\n\n\n\nIMPS P2A\n(Account no + IFSC)\n\n50,000\n1,00,000\n\n\n\nIMPS P2P\n(Mobile number + MMID )\n\n10,000\n50,000\n\n\n",
                            "\n\n"
                        ]
                    }
                ]
            },
            {
                "text": "What are the timings for initiating and receiving IMPS remittances?",
                "content": [
                    {
                        "text": [
                            "\n\nIMPS transactions can be sent and received at any time and any day. There are no timing or holiday restrictions on IMPS remittances.\n\n"
                        ]
                    }
                ]
            },
            {
                "text": "What are the charges for the customer for sending and receiving remittances using IMPS?",
                "content": [
                    {
                        "text": [
                            "\nInward Transaction: NIL\n\nOutward Transaction: For transactions upto\n`1,00,000\nthe charges are\n`\n5 + GST.\n\n\nAmounts above\n`1,00,000\nand upto\n`2,00,000 -\n`15 +\nGST.\n\n"
                        ]
                    }
                ]
            },
            {
                "text": "Will I receive any intimation from the bank for the IMPS transaction?",
                "content": [
                    {
                        "text": [
                            "\nOn successful completion of the transaction, alerts will be sent on your preferred mobile number registered with the bank.\n"
                        ]
                    }
                ]
            },
            {
                "text": "What happens if a customer transfers funds using IMPS to a Bank account belonging to a Bank that is not enabled for IMPS Funds Transfer?",
                "content": [
                    {
                        "text": [
                            "\nTransactions to non-IMPS enabled Banks will be rejected and the funds will not be debited from the customer's account.\n"
                        ]
                    }
                ]
            },
            {
                "text": "When will I get my money back if the transaction is not processed?",
                "content": [
                    {
                        "text": [
                            "\nFor any reason, if the IMPS transaction is not processed for any reason - technical or business, the money would be credited back to the sender's account instantly. In case the fate of the transaction is not determined immediately, the reversal of funds will happen within next 5 working days.\n"
                        ]
                    }
                ]
            },
            {
                "text": "Whom do I contact, in case of non-credit or delay in credit to the Beneficiary account?",
                "content": [
                    {
                        "text": [
                            "\nYou can contact our bank/branch or the destination bank/branch or the Customer Facilitation Service Centre of the banks.\n\n\nUjjivan Small Finance Bank\n\n\n\nGrape Garden,\nNo.27, 3\nrd\n\u2018A\u2019 Cross, 18\nth\nmain,\n6th Block, Koramangala\nBengaluru 560095\nPhone - +91 80 4071212\n\n"
                        ]
                    }
                ]
            }
        ]
    }
}