{
    "url": "https://www.ujjivansfb.in/faq",
    "domain": "Home",
    "class": "Customer Care",
    "main_title": "Frequently Asked Questions (RTGS)",
    "subtitle": {
        "elements": [
            {
                "text": "What is RTGS?",
                "content": [
                    {
                        "text": [
                            "\nRTGS stands for \u2018Real Time Gross Settlement\u2019. RTGS is a funds transfer system where transfer of money takes place from one bank to another on a real time basis. Also the settlement of funds transfer instructions occurs individually on an instruction by instruction basis (gross settlement). This is the fastest mode of funds transfer available in India through banking channel.\n"
                        ]
                    }
                ]
            },
            {
                "text": "When does Beneficiary get payment through RTGS fund transfer?",
                "content": [
                    {
                        "text": [
                            "\nUnder normal circumstances the Beneficiary Bank branch receives the funds in real time as soon as funds are transferred by the Remitting Bank. The Beneficiary Bank has to credit the Beneficiary\u2019s   account within 30 minutes of receiving the funds transfer message.\n"
                        ]
                    }
                ]
            },
            {
                "text": "How can I transfer fund using RTGS through Ujjivan Net Banking?",
                "content": [
                    {
                        "text": [
                            "\nSteps to transfer money to bank accounts using RTGS are as follows-\n\nLogin using Customer ID and password\nClick on \u201cMoney Transfer\u201d from the vertical menu\nSelect \u201cTransfer to Other Bank\u201d\nClick on \u201cRTGS\u201d\nIn \u201cFrom Account\u201d field, select the account number from which money will be transferred\nFrom \u201cBeneficiary\u201d field, select the Beneficiary\nEnter the amount to be transferred\nMention remarks, if any\nClick on \u201cSubmit\u201d\nVerify details and click on \u201cConfirm\u201d\nEnter OTP sent to the mobile number registered with the Bank\nClick on \u201cTransfer\u201d\nYour Transaction gets completed and your payment confirmation report will be displayed on the screen.\n\n"
                        ]
                    }
                ]
            },
            {
                "text": "How to add a BeneficiaryRTGS through Ujjivan Net Banking?",
                "content": [
                    {
                        "text": [
                            "\nSteps to add a Beneficiary:\n\nLogin using Customer ID and password\nClick on \u201cMoney Transfer\u201d in the vertical menu\nSelect \u201cManage Beneficiary\u201d\nClick \u201cAdd Beneficiary\u201d\nClick on submit and verify the OTP sent to your registered mobile number\nBeneficiary will be added and activated.\n\n"
                        ]
                    }
                ]
            },
            {
                "text": "What is the limit on the value of transactions using RTGS transaction?",
                "content": [
                    {
                        "text": [
                            "\n\n\n\n\n\n\n\n\n\nInterbank Fund Transfer For Registered Beneficiary(Ujjivan bank a/c to Other Bank a/c)\n\n\n\nFund transfer Mode\n\nPer Transaction Limit (\n`\n)\n\n\nPer Day Limit (\n`\n)\n\n\n\n\nRTGS\n\n\nMinimum : 2,00,000\nMaximum : 10,00,000\n\n\nMinimum : 2,00,000\nMaximum : 10,00,000\n\n\n\n\n\n",
                            "\n\n\n\n\n\n\n\n\nInterbank Fund Transfer For Registered Beneficiary(Ujjivan bank a/c to Other Bank a/c)\n\n\n\nFund transfer Mode\n\nPer Transaction Limit (\n`\n)\n\n\nPer Day Limit (\n`\n)\n\n\n\n\nRTGS\n\n\nMinimum : 2,00,000\nMaximum : 10,00,000\n\n\nMinimum : 2,00,000\nMaximum : 10,00,000\n\n\n\n\n",
                            "\n\n"
                        ]
                    }
                ]
            },
            {
                "text": "At what time during the day or week is the RTGS is available?",
                "content": [
                    {
                        "text": [
                            "\nRTGS transactions are sent to RBI as per the following schedule:\n\n\n\n\n\n\n\nTransaction Type\nCut off timing for same day processing\n\n\nMODES\nBranch Timing\nNet Banking Timing\n\n\n\nRTGS (per transaction)\n\n\nMonday to Friday : Branch working hours (9:30am to 3:30 pm)\n\n\nMonday to Friday:3:30pm\n\n\n\n\n\nSaturday (excluding 2\nnd\nand 4\nth\n) : Branch working hours (9:30am to 3:30 pm)\n\n\n\n\nSaturday (excluding 2\nnd\nand 4\nth\n): 3:30pm\n\n\n\n\n\n\n\nPlease note that all the above timings are based on Indian Standard Time (IST) only\nCredit sent after the Cut off time will be settled in the next RTGS working day.\n\n",
                            "\n\n\n\n\n\n\nTransaction Type\nCut off timing for same day processing\n\n\nMODES\nBranch Timing\nNet Banking Timing\n\n\n\nRTGS (per transaction)\n\n\nMonday to Friday : Branch working hours (9:30am to 3:30 pm)\n\n\nMonday to Friday:3:30pm\n\n\n\n\n\nSaturday (excluding 2\nnd\nand 4\nth\n) : Branch working hours (9:30am to 3:30 pm)\n\n\n\n\nSaturday (excluding 2\nnd\nand 4\nth\n): 3:30pm\n\n\n\n\n\n",
                            "\n\n"
                        ]
                    }
                ]
            },
            {
                "text": "What are the service charges applicable for RTGS?",
                "content": [
                    {
                        "text": [
                            "\n\nTransaction Charges\n\nInward Transaction: NIL\nOutward Transaction:\n\nAmount above\n`2,00,000\nupto\n`5,00,000 -\n`25 +\nGST\n\n\nAmounts above\n`5,00,000\nupto\n`10,00,000 -\n`50 +\nGST\n\n"
                        ]
                    }
                ]
            },
            {
                "text": "Will I receive any intimation from the bank for the RTGS transaction?",
                "content": [
                    {
                        "text": [
                            "\nOn successful completion of the transaction, alerts will be sent on your preferred mobile number registered with the bank.\n"
                        ]
                    }
                ]
            },
            {
                "text": "What happens if a customer transfers funds using RTGS to a Bank account belonging to a Bank that is not enabled for RTGS Fund Transfer?",
                "content": [
                    {
                        "text": [
                            "\nTransactions to non-RTGS enabled Banks will be rejected and the funds will not be debited from the customer's account\n"
                        ]
                    }
                ]
            },
            {
                "text": "What is the mandatory information required to make RTGS fund transfer?",
                "content": [
                    {
                        "text": [
                            "\nThe Remitting customer has to furnish the following information to a bank for effecting a RTGS fund transfer:\n\nAmount to be remitted\nRemitting customer\u2019s account number which is to be debited\nName and IFS Code of the Beneficiary bank\nName of the Beneficiary customer\nAccount number of the Beneficiary customer\nSender to receiver information, if any\nMobile number / email id (for RTGS to receive credit confirmation)\n\n"
                        ]
                    }
                ]
            },
            {
                "text": "How to find IFS code of the Beneficiary branch?",
                "content": [
                    {
                        "text": [
                            "\nIndian Financial System Code (IFSC) means a unique code of 11 digits of RTGS enabled Branches. The Remitting customer can obtain the IFS-Code of receiving branch from his bank branch. The IFSC code is also available on the RBI website in the following Link:\nRTGS:\n\nhttp://www.rbi.org.in/scripts/BS_ViewRTGS.aspx\n\n"
                        ]
                    }
                ]
            },
            {
                "text": "If an RTGS transaction is not credited to a Beneficiary account, does the Remitter get back the money?",
                "content": [
                    {
                        "text": [
                            "\nYes. If the money cannot be credited for any reason, the Beneficiary\u2019s bank has to return the money within two hours.Once this amount is received back by the Remitting bank; the amount is credited to the Remitter's account by the Remitting bank.\n"
                        ]
                    }
                ]
            },
            {
                "text": "Whom do I contact, in case of non-credit or delay in credit to the Beneficiary account?",
                "content": [
                    {
                        "text": [
                            "\nYou can contact our bank/branch or the destination bank/branch or the Customer Facilitation Service Centre of the banks.\n\n\nUjjivan Small Finance Bank\n\n\nGrape Garden, No.27, 3\nrd\n\u2018A\u2019 Cross, 18\nth\nmain,\n6th Block, Koramangala,\nBengaluru 560095,\nPhone - +91 80 4071212\n\n"
                        ]
                    }
                ]
            }
        ]
    }
}