{
    "url": "https://www.ujjivansfb.in/faq",
    "domain": "Home",
    "class": "Customer Care",
    "main_title": "Frequently Asked Questions (Missed Call Banking)",
    "subtitle": {
        "elements": [
            {
                "text": "What is Ujjivan Missed Call Banking?",
                "content": [
                    {
                        "text": [
                            "\nUjjivan Missed Call Banking enables a customer to know his/her balance and mini statement by giving a missed call.\n\n\nFor\n\nbalance enquiry,\n\ngive a missed call on\n\n9243012121\n\n\n\nFor\n\nmini statement,\n\ngive a missed call on\n\n9243032121\n\n\n\n\n",
                            ""
                        ]
                    }
                ]
            },
            {
                "text": "How will I use Ujjivan Missed Call Banking if I have more than one account?",
                "content": [
                    {
                        "text": [
                            "\nIf you have more than one account with the Bank, pleaseuseUjjivan SMS Banking.\n"
                        ]
                    }
                ]
            }
        ]
    }
}