{
    "url": "https://www.ujjivansfb.in/feedback-existing-customer",
    "domain": "Home",
    "class": "Customer Care",
    "main_title": "Feedback or Complaint",
    "subtitle": {
        "elements": [
            {
                "text": "",
                "content": [
                    {
                        "text": [
                            "https://www.ujjivansfb.in/feedback-existing-customer"
                        ]
                    }
                ]
            }
        ]
    }
}