{
    "url": "https://www.ujjivansfb.in/pdf/Grievance_Redressal_Business_Correspondents.pdf",
    "domain": "Home",
    "class": "Customer Care",
    "main_title": "Grievance Redressal Business Correspondents",
    "subtitle": {
        "elements": [
            {
                "text": "",
                "content": [
                    {
                        "text": [
                        "https://www.ujjivansfb.in/pdf/Grievance_Redressal_Business_Correspondents.pdf"
                        ]
                    }
                ]
            }
        ]
    }
}