{
    "url": "https://www.ujjivansfb.in/pdf/Senior-Citizen-Priority.pdf",
    "domain": "Home",
    "class": "Customer Care",
    "main_title": "Senior Citizen Priority",
    "subtitle": {
        "elements": [
            {
                "text": "",
                "content": [
                    {
                        "text": [
                            "https://www.ujjivansfb.in/pdf/Senior-Citizen-Priority.pdf"
                        ]
                    }
                ]
            }
        ]
    }
}