
{
    "document_name": "Central Scheme to provide Interest Subsidy (CSIS)2",
    "url": "https://indianbank.in/departments/central-scheme-to-provide-interest-subsidy-csis/",
    "domain": "departments",
    "class": "Featured Products / Services / Schemes",
    "sub_class": "",
    "main_title": "Central Scheme to provide Interest Subsidy (CSIS)",
    "subtitle": {
        "html_tag": "<h3>.*</h3>",
        "elements": [
            {
                "text": "",
                "content": [
                    {
                        "text": [
                            "for the period of moratorium of educational loans taken by students from economically weaker sections (EWS) under educational loan scheme of Indian Banks Association (IBA), to pursue Technical/ Professional education studies in India.",
                            "Government of India, Ministry of Human Resources Development, Department of Higher Education, New Delhi has launched a scheme under the name “Central Scheme to provide Interest Subsidy (CSIS)” for the moratorium period of educational loans availed by students from EWS under IBA educational loan scheme, to pursue Technical/ Professional courses in India. The scheme is effective from the academic year 2009-10."
                        ]
                    }
                ]
            }
        ]
    }
}
