{
    "document_name": "E Confirmation of Bank Guarantee",
    "url": "www.afrin.com",
    "domain": "home",
    "class": "departments",
    "sub_class": "",
    "main_title": "About Afrin",
    "subtitle": {
        "html_tag": "<h3>.*</h3>",
        "elements": [
            {
                "text": "who is afrin?",
                "content": [
                    {
                        "text": [
                            "Afrin is an employee in integra micro systems..!!"
                        ]
                    }
                ]
            }
        ]
    }
}