{
    "document_name": "ib-surabhi",
    "url": "https://indianbank.in/departments/ib-surabhi/",
    "domain": "deposit",
    "class": "Savings Bank A/c",
    "sub_class": "",
    "main_title": "IB-Surabhi",
    "subtitle": {
        "html_tag": "<h3>.*</h3>",
        "elements": [
            {
                "text": "",
                "content": [
                    {
                        "text": [
                            "Introducing IB – SURABHI – Savings Bank Account in Regular & Premium variants – only for HER. Because we care for you a little more than others …………"
                        ]
                    }
                ]
            },
            {
                "text": "Basic Features",
                "content": [
                    {
                        "text": "",
                        "table": [
                            {
                                "key": "IB – SURABHI – Regular",
                                "value": [
                                    "Eligible Customer : \n Working women /Home maker exclusively or as the first account holder with spouse, daughter/son.",
                                    "Eligible Customer : Age > 18 years"
                                ]
                            },
                            {
                                "key": "IB – SURABHI – Regular",
                                "value": [
                                    "Intial deposit : \n NIL",
                                    "Intial deposit : \n 20 leaves (Cheque facility – Additional free leaves per annum)",
                                    "Intial deposit : \n A 10,000 (Average Monthly Minimum Balance*)",
                                    "Intial deposit : \n 1 per month (Remittances – Demand Drafts offered free of charges)"
                                ]
                            },
                            {
                                "key": "IB – SURABHI – Regular",
                                "value": [
                                    "SMS Alerts : \n Free"
                                ]
                            },
                            {
                                "key": "IB – SURABHI – Regular",
                                "value": [
                                    "ATM withdrawals : \n Unlimited in own Bank  ATMs",
                                    "5 withdrawals free per month in other Bank ATMs (irrespective of the centre)"
                                ]
                            },
                            {
                                "key": "IB – SURABHI – Premium",
                                "value": [
                                    "Eligible Customers- \n Working women /Home maker exclusively or as the first account holder with spouse, daughter/son.",
                                    "Eligible Customers- \nAge > 18 years"
                                ]
                            },
                            {
                                "key": "IB – SURABHI – Premium",
                                "value": [
                                    "Initial deposit- \n NIL",
                                    "Initial deposit- \n 25 leaves (Cheque facility – Additional free leaves per annum)",
                                    "Initial deposit- \n A 25,000 (Average Monthly Minimum Balance*)",
                                    "Initial deposit- \n 5 per month (Remittances – Demand Drafts offered free of charges)"
                                ]
                            },
                            {
                                "key": "IB – SURABHI – Premium",
                                "value": [
                                    "SMS Alerts- \n Free"
                                ]
                            },
                            {
                                "key": "IB – SURABHI – Premium",
                                "value": [
                                    "ATM Withdrawals- \n Unlimited in own Bank  ATMs",
                                    "ATM Withdrawals- \n 5 withdrawals free per month in other Bank ATMs (irrespective of the centre)"
                                ]
                            }
                        ]
                    }
                ]
            },
            {
                "text": "Features & Benefits of Credit card offered",
                "content": [
                    {
                        "text": "",
                        "table": [
                            {
                                "key": "IB – SURABHI – Regular",
                                "value": [
                                    "GOLD CARD * with Credit limit   A20,000 – A99,999",
                                    "Free personal accident insurance (Death Cover) *",
                                    "Hospitalization cover due to accident *",
                                    "Credit shield on death *",
                                    "Purchase protection liability *",
                                    "Free air accident insurance cover##",
                                    "Lost baggage insurance cover##"
                                ]
                            },
                            {
                                "key": "IB- SURABHI – Premium",
                                "value": [
                                    "PLATINUM CARD *  with  Credit  limit A1 Lakh – A2,99,999",
                                    "A2 Lakhs – Primary  card  holder A1 Lakh – First add on card",
                                    "A1 Lakh – Up to 65 years A50000 – 66 to 80 years",
                                    "A25000",
                                    "A25000",
                                    "A5 Lakhs",
                                    "A10000"
                                ]
                            }
                        ]
                    }
                ]
            },
            {
                "text": "Other Discount s & Concessions",
                "content": [
                    {
                        "text": [
                            "Discount on 1st  year locker rent up to 20%*",
                            "Preferential pricing on Personal Gold Loan & Vehicle (2/4 wheeler) Loans"
                        ]
                    }
                ]
            },
            {
                "text": "",
                "content": [
                    {
                        "text": [
                            "Picture Card with Annual Maintenance Charges free for first year",
                            "Daily cash withdrawal limit of 50,000 shopping limit of 1 lakh.",
                            "Insurance coverage available for 2 lakhs*"
                        ]
                    }
                ]
            }
        ]
    }
}