{
    "document_name": "IndPay",
    "url": "https://indianbank.in/departments/indpay/",
    "domain": "home",
    "class": "departments",
    "sub_class": "",
    "main_title": "IndPay",
    "subtitle": {
        "html_tag": "<h3>.*</h3>",
        "elements": [
            {
                "text": "",
                "content": [
                    {
                        "text": [
                            "Indian Bank offers all in one mobile banking application for the customers with several enhanced features providing all banking facilities at a single platform.",
                            "It enables user to perform major banking operations through the application on 24*7 basis anywhere and anytime without visiting the branch.  It also offers many value added services.",
                            "Every transaction is authenticated through transaction password- MPIN set by the customers.",
                            "User Guide – Indpay Registration"
                        ]
                    }
                ]
            },
            {
                "text": "Services offered:",
                "content": [
                    {
                        "text": "",
                        "table": [
                            {
                                "key": "Financial Services-Fund Transfer within Indian Bank",
                                "value": [
                                    "Fund Transfer within Indian Bank-\n Self Transfers \n Other Indian Bank Account Transfers \n PPF Account"
                                ]
                            },
                            {
                                "key": "Financial Services-Fund Transfer to other Bank ",
                                "value": [
                                    "Fund Transfer to other Bank : \n NEFT \n IMPS (24/7) \n Instapay (without adding benificiary)"
                                ]
                            },
                            {
                                "key": "Financial Services-Recharge and Bill Pay",
                                "value": [
                                    "Recharge and Bill Pay : \n Pay Bills for gas, electricity, water, DTH and broadband/ landline can be paid"
                                  
                                ]
                            },
                            {
                                "key": "Financial Services-IB – Opening of account:",
                                "value": [
                                    "Opening of account:\n Open Term Deposit Account- RD/ FD/VRD/STD/MMD"
                                ]
                            },
                            {
                                "key": "Non-Financial Services-Account Related:",
                                "value": [
                                    "Account Related : \n Balance Enquiry \n mPassbook- mini statement with last 50 transactions."
                                   
                                ]
                            },
                            {
                                "key": "Non-Financial Services-Cheque Related Services",
                                "value": [
                                    "Cheque Related Services : \n Stop payment of cheque \n Raise Cheque book request"
                                  
                                ]
                            },
                            {
                                "key": "Non-Financial Services-Password Related:",
                                "value": [
                                    "Password Related: \n Change/reset  MPIN and MTPIN \n Forgot Password – MPIN/MTPIN"
                                    
                                ]
                            },
                            {
                                "key": "Value Added Services",
                                "value": [
                                    "Standing Instruction \n Instant Beneficiary Addition. \n Account wise TDS Details. \n Closure of FD/RD/VRD/STD/MMD \n Scan and Pay facility for with Bank fund transfer \n Transaction Lock/ Unlock Facility \n Raise Complaint. \n Locate Nearest Branch."
                                ]
                            },
                            {
                                "key": "Languages Available:",
                                "value": [
                                    "English \n Hindi \n Tamil \n Marati \n Gujarati \n Malayalam"
                                    
                                ]
                            }
                        ]
                    }
                ]
            }
           
        ]
    }
}