{
    "document_name": "Service Charges / Forex Rates",
    "url": "https://indianbank.in/service-charges-forex-rates/",
    "domain": "deposit",
    "class": "Savings Bank A/c",
    "sub_class": "",
    "main_title": "Service Charges / Forex Rates",
    "subtitle": {
        "html_tag": "<h3>.*</h3>",
        "elements": [
            {
                "text": "Revision of service charges on Credit/Debit Cards *",
                "content": [
                    {
                        "text": "",
                        "table": [
                            {
                                "key": "Forex Card Rates",
                                "value": [
                                    "Current Foreign Exchange Rates for sale/purchase transactions in various currencies"
                                ]
                            },
                            {
                                "key": "Service Charges (.pdf)",
                                "value": [
                                   "Cheque books, ATM Cards, Demand drafts, ECS,Outstation Cheque collection, TT, Bankers pay order etc."
                                ]
                            },
                            {
                                "key": "Service Charges on ATM Services",
                                "value": [
                                    "ATM/Debit Card – Duplicate Pin Generation charges, Issue of Duplicate ATM/Debit Card"
                                ]
                            },
                            {
                                "key": "Service Charges on Forex Transactions – Imports(.pdf)",
                                "value": [
                                   "Import Bills / Import LC"
                                ]
                            },
                            {
                                "key": "Service Charges on Forex Transaction – Exports (.pdf)",
                                "value": [
                                   "Export Bills / Export LC"
                                ]
                            },
                            {
                                "key": "Service Charges on Forex Transaction – Guarantees and Remittances (.pdf)",
                                "value": [
                                   "Inward Remittances, Clean payments, Clean instruments for collection, Certificates, Outward remittances, Sale and Purchase of Foreign currency notes and coins etc."
                                ]
                            },
                            {
                                "key": "Service Charges on Loans and Advances (.pdf)",
                                "value": [
                                    "Term Loans, Jewel Loan – Non Priority and Processing Charges for various agricultural products"
                                ]
                            },
                            {
                                "key": "Service charges for obtaining Credit Information Reports from CIBIL/EXPERIAN Database",
                                "value": [
                                    "Rs. 34 for report from CIBIL database and Rs. 32 for report from EXPERIAN database"
                                ]
                            }
                        ]
                    }
                ]
            },
            {
                "text": "",
                "content": [
                    {
                        "text": [
                           "Service Charges concessions to selected category of Customers"
                        ]
                    }
                ]
            },
            {
                "text": "",
                "content": [
                    {
                        "text": [
                            "Rent on Lockers"
                        ]
                    }
                ]
            },
            {
                "text": "",
                "content": [
                    {
                        "text": [
                            "Service charges modifications/Additions in respect of Loans & advances"
                        ]
                    }
                ]
            },
            {

                "text": "",
                "content": [
                    {
                        "text": [
                            "Notice to Borrowers Statutory and Regulatory disclosure to Information Utility"
                        ]
                    }
                ]
            }
           
      
        ]
    }
}