
{
    "document_name": "cms-plus",
    "url": "https://www.indianbank.in/departments/cms-plus/",
    "domain": "Services",
    "class": "CMS Plus",
    "sub_class": "",
    "main_title": "CMS Plus",
    "subtitle": {
        "html_tag": "<h3>.*</h3>",
        "elements": [
            {
                "text":"Eligibility",
                "content":[
                    {
                        "text":[
                            "All corporates/PSUs (no turnover stipulation) and other entities with annual turnover of Rs.25 crores, having receivables from / payable to different locations."
                        ]
                    }
                ]
            },
            {
                "text":"Salient Features",
                "content":[
                    {
                        "text":[
                            "A bundle of collection and payment services offered for clients."
                        ]
                    }
                ]
            },
            {
                "text":"Other Requirements/Details",
                "content":[
                    {
                        "text":[
							"* Collection services : Local & Outstation cheques, cash, ECS debit, direct debit, Inward RTGS/NEFT, Cash, Cheques, DDs etc. can be deposited in to collection account at any CBS branch.",
							"* Payment services : Multicity cheques, RTGS/NEFT/Issuing of bulk DDs, ECS, Dividend Warrant, Interest warrant, Statutory payments like government taxes, etc.",
							"* Clear funds are credited on a daily basis to the current account maintained with the branch, where the customer is having account or to any other bank by RTGS/NEFT",
							"* Value added facilities like customized MIS reports, cheque purchase facility, collection of instruments at doorstep, etc.",
							"* Online realtime viewing of cheque status, facility for generation of reports, mail box etc."
                        ]
                    }
                ]
            }
        ]
    }
}
