
{
    "document_name": "general-managers",
    "url": "https://www.indianbank.in/departments/general-managers/",
    "domain": "Management",
    "class": "General Managers",
    "sub_class": "",
    "main_title": "General Manager",
    "subtitle": {
        "html_tag": "<h3>.*</h3>",
        "elements": [
            {
                "text":"(Chief Vigilance Officer)",
                "content":[
                    {
                        "text":[
                            "Mr. Sudhakar R Iyer \n GM – CVO"
                        ]
                    }
                ]
            },
            {
                "text":"(Credit Monitoring Cell) – II - (Kolkata)",
                "content":[
                    {
                        "text":[
                            "Mr. Sanjay Aggarwal \n GM – CMC - ||"
                        ]
                    }
                ]
            },
            {
                "text":"(Chief Risk Officer)",
                "content":[
                    {
                        "text":[
                            "Mr.Udaya Bhaskara Reddy K \n GM – CRO"
                        ]
                    }
                ]
            },
            {
                "text":"",
                "content":[
                    {
                        "text":[
                            "Mr. Vikas Kumar \n FGM, New Delhi"
                        ]
                    }
                ]
            },
            {
                "text":"(Rural Banking Department & Financial Inclusion)",
                "content":[
                    {
                        "text":[
                            "Mr. Nagarajan M \n  GM – RBD & FI"
                        ]
                    }
                ]
            },
            {
                "text":"",
                "content":[
                    {
                        "text":[
                            "Mr. Sudhanshu Gaur \n GM – Mid Corporate"
                        ]
                    }
                ]
            },
            {
                "text":"(Credit Monitoring Cell) – I",
                "content":[
                    {
                        "text":[
                            "Mr. Chezhian S \n GM – CMC – I"
                        ]
                    }
                ]
            },
            {
                "text":"(GM – Treasury (Mumbai))",
                "content":[
                    {
                        "text":[
                            "Mr. Prakash Chandra Sharma \n GM – Treasury (Mumbai)"
                        ]
                    }
                ]
            },
            {
                "text":"(GM – KYC/AML)",
                "content":[
                    {
                        "text":[
                            "Mr. Venkatesa Perumal P \n GM – KYC/AML"
                        ]
                    }
                ]
            },
            {
                "text":"(Resources & Govt. Relationship)",
                "content":[
                    {
                        "text":[
                            "Mr. Imran Amin Siddiqui \n GM – R&GR"
                        ]
                    }
                ]
            },
            {
                "text":"(Corporate Development Officer)",
                "content":[
                    {
                        "text":[
                            "Mr. Karthikeyan M \n GM – CDO (Designate)"
                        ]
                    }
                ]
            },
            {
                "text":"(Coordination in Kolkata)",
                "content":[
                    {
                        "text":[
                            "Mr. Nageswara Rao SVLN \n GM – DBD"
                        ]
                    }
                ]
            },
            {
                "text":"(FGM, Chennai)",
                "content":[
                    {
                        "text":[
                            "Mr. Kamireddy Chandra Reddy \n FGM, Chennai"
                        ]
                    }
                ]
            },
            {
                "text":"(Retail Assets)",
                "content":[
                    {
                        "text":[
                            "Mr. Neel Ratan Nirmal Kumar Saha \n GM – RA (Designate)"
                        ]
                    }
                ]
            },
            {
                "text":"(Information Technology Dept. & Digital Banking Division)",
                "content":[
                    {
                        "text":[
                            "Mr. Rengarajan S \n GM – ITD & DBD"
                        ]
                    }
                ]
            },
            {
                "text":"(FGM, Meerut)",
                "content":[
                    {
                        "text":[
                            "Mr. Mukti Nath Patel \n FGM, Meerut"
                        ]
                    }
                ]
            },
            {
                "text":"(GM – RA&D)",
                "content":[
                    {
                        "text":[
                            "Mr. Devaraj D \n GM – RA&D"
                        ]
                    }
                ]
            },
            {
                "text":"GM – Estate",
                "content":[
                    {
                        "text":[
                            "Mr. Sunil Baran Jena \n GM – Estate"
                        ]
                    }
                ]
            },
            {
                "text":"(Chief Financial Officer)",
                "content":[
                    {
                        "text":[
                            "Mr. Krishnan P A \n GM – CFO"
                        ]
                    }
                ]
            },
            {
                "text":"(Chief Learning Officer)",
                "content":[
                    {
                        "text":[
                            "Mr. Sanjeev Kumar Suri \n GM – CLO"
                        ]
                    }
                ]
            },
            {
                "text":"FGM, Mumbai",
                "content":[
                    {
                        "text":[
                            "Mr. Sandeep Kumar Gupta \n FGM, Mumbai"
                        ]
                    }
                ]
            },
            {
                "text":"(Integration Management Office)",
                "content":[
                    {
                        "text":[
                            "Mr. Arun Kumar Pandeya \n GM (OSD) –  IMO Coordination"
                        ]
                    }
                ]
            },
            {
                "text":"(Human Resources)",
                "content":[
                    {
                        "text":[
                            "Mr. Paresh Chandra Dash \n GM (HR)"
                        ]
                    }
                ]
            },
            {
                "text":"GM – Recovery – II (at Kolkata)",
                "content":[
                    {
                        "text":[
                            "Mr. Banambar Sahoo \n GM – Recovery – II (at Kolkata)"
                        ]
                    }
                ]
            },
            {
                "text":"GM – Corporate Credit",
                "content":[
                    {
                        "text":[
                            "Mr. Narayanan V S \n GM – Corporate Credit"
                        ]
                    }
                ]
            },
            {
                "text":"FGM, Lucknow",
                "content":[
                    {
                        "text":[
                            "Mr. Ravinder Singh \n FGM, Lucknow"
                        ]
                    }
                ]
            },
            {
                "text":"(Inspection and Control)",
                "content":[
                    {
                        "text":[
                            "Ms. Zaphia Fareed Thottathikudiyil \n GM – I&C (Designate)"
                        ]
                    }
                ]
            },
            {
                "text":"FGM, Hyderabad",
                "content":[
                    {
                        "text":[
                            "Mr. Avaya Kumar Mohapatra \n FGM, Hyderabad"
                        ]
                    }
                ]
            },
            {
                "text":"(Inspection and Control)",
                "content":[
                    {
                        "text":[
                            "Mr. Bathula Nagarjuna \n GM – I&C"
                        ]
                    }
                ]
            },
            {
                "text":"FGM, Allahabad",
                "content":[
                    {
                        "text":[
                            "Dr. Rahul Srivastava \n FGM, Allahabad"
                        ]
                    }
                ]
            },
            {
                "text":"(Recovery & Legal) – I",
                "content":[
                    {
                        "text":[
                            "Mr. Mahendra G \n GM – R&L – I"
                        ]
                    }
                ]
            },
            {
                "text":"FGM, Kolkata – I",
                "content":[
                    {
                        "text":[
                            "Mr. Hardeep Singh Ahluwalia \n FGM, Kolkata – I"
                        ]
                    }
                ]
            },
            {
                "text":"GM – MSME",
                "content":[
                    {
                        "text":[
                            "Mr. Sudhakara Rao K S \n GM – MSME"
                        ]
                    }
                ]
            },
            {
                "text":"GM – Credit Review",
                "content":[
                    {
                        "text":[
                            "Mr. Satish Kumar \n GM – Credit Review"
                        ]
                    }
                ]
            },
            {
                "text":"GM – DBD (Designate)",
                "content":[
                    {
                        "text":[
                            "Mr. Bharathi C \n GM – DBD (Designate)"
                        ]
                    }
                ]
            },
            {
                "text":"FGM, Patna",
                "content":[
                    {
                        "text":[
                            "Mr. Bijay Kumar Sarangi \n FGM, Patna"
                        ]
                    }
                ]
            },
            {
                "text":"(Business Process Reengineering & Integration Management Office)",
                "content":[
                    {
                        "text":[
                            "Mr. Mahesh Kumar Bajaj \n GM – BPR & IMO"
                        ]
                    }
                ]
            },
            {
                "text":"GM – Chairman, TNGB",
                "content":[
                    {
                        "text":[
                            "Mr. Selvaraj S \n GM – Chairman, TNGB"
                        ]
                    }
                ]
            },
            {
                "text":"FGM (Designate), Allahabad",
                "content":[
                    {
                        "text":[
                            "Mr. Binoy Kumar Singh \n FGM (Designate), Allahabad"
                        ]
                    }
                ]
            },
            {
                "text":"(Chief Operating Officer)",
                "content":[
                    {
                        "text":[
                            "Mr. Gopi Krishnan C R \n GM – COO"
                        ]
                    }
                ]
            },
            {
                "text":"(Chief Risk Officer)",
                "content":[
                    {
                        "text":[
                            "Mr. Sujit Kumar Dey \n GM – CRO (Designate)"
                        ]
                    }
                ]
            }

        ]
    }
}
