{
    "url": "https://www.ujjivansfb.in/interviews-news",
    "domain": "Home",
    "class": "Ujjivan Newsroom",
    "main_title": "Interviews",
    "subtitle": {
        "elements": [
            {
                "text": "2019",
                "content": [
                    {
                        "text": [
                           "https://www.ujjivansfb.in/pdf/print_coverage/2019/media_interviews/Ujjivan_Small_Finance_Bank_01_06_2019_Business_Line.jpg",

"https://www.ujjivansfb.in/pdf/print_coverage/2019/media_interviews/Business_Today_Jun_30_2019.jpg",

"https://www.ujjivansfb.in/pdf/print_coverage/2019/media_interviews/Fortune.jpg",

"https://www.ujjivansfb.in/pdf/print_coverage/2019/media_interviews/Mint_Page_10_Dec_30.jpg",

"https://www.ujjivansfb.in/pdf/print_coverage/2019/media_interviews/Mint.jpg",

"https://www.ujjivansfb.in/pdf/print_coverage/2019/media_interviews/The_Economist_Feb.jpg"
                        ]
                    }
                ]
            },
            {
                "text": "2018",
                "content": [
                    {
                        "text": [
                           ""
                        ]
                    }
                ]
            }
        ]
    }
}