{
    "url": "https://www.ujjivansfb.in/media-contact",
    "domain": "Home",
    "class": "Ujjivan Newsroom",
    "main_title": "Media Contact",
    "subtitle": {
        "elements": [
            {
                "text": "Media Contact",
                "content": [
                    {
                        "text": [
                            "Media queries can be emailed to Corporate Communications Email : corporate.communications@ujjivan.com",
                            "Public Relations Agency: Ketchum Sampark Email : ujjivan@ketchumsampark.com",
                            "For all non-media related inquiries, please visit 'https://www.ujjivansfb.in/locate-us' for the appropriate contact information."
                        ]
                    }
                ]
            }
        ]
    }
}