{
    "url": "https://www.ujjivansfb.in/other-news",
    "domain": "Home",
    "class": "Ujjivan Newsroom",
    "main_title": "Other News",
    "subtitle": {
        "elements": [
            {
                "text": "2019",
                "content": [
                    {
                        "text": [
                            "https://www.ujjivansfb.in/pdf/print_coverage/2019/other_news/The_Economic_Times_May_31_2019.jpg",

"https://www.ujjivansfb.in/pdf/print_coverage/2019/other_news/23_Aug_2019_Navbharat.jpg",

"https://www.ujjivansfb.in/pdf/print_coverage/2019/other_news/Sep_21_2019_Vyapar_(Gujarati)_Pg_04_(Cc%2064).jpg",

"https://www.ujjivansfb.in/pdf/print_coverage/2019/other_news/Sep_21_2019_Vyapar_(Hindi)_Pg_04_(Cc%20102).jpg",

"https://www.ujjivansfb.in/pdf/print_coverage/2019/other_news/Ujjivan-Prajavani_25th_Sept_2019_Pg-6.jpg"

                        ]
                    }
                ]
            },
            {
                "text": "2018",
                "content": [
                    {
                        "text": [
                            ""
                        ]
                    }
                ]
            }
        ]
    }
}