{
    "url": "https://www.ujjivansfb.in/overview",
    "domain": "Home",
    "class": "Ujjivan Newsroom",
    "main_title": "Overview",
    "subtitle": {
        "elements": [
            {
                "text": "Spokesperson Profile",
                "content": [
                    {
                        "text": [
                            "Nitin Chugh is the Managing Director and Chief Executive Officer of our bank. He holds a bachelor’s degree in technology (electrical engineering) from Kurukshetra University and a professional diploma in marketing management from All India Management Association. He has previously worked with HDFC Bank Limited, Standard Chartered Bank, HCL, Hewlett Packard Limited and Modi Xerox Limited. He was appointed as the Managing Director and Chief Executive Officer of our Bank with effect from December 01, 2019.",
                             
                            "Sanjay Kao is the Chief Business Officer of our Bank. He holds a bachelor of technology degree in chemical engineering from Banaras Hindu University and a post graduate diploma in management from the Indian Institute of Management, Calcutta. He was previously employed with Lipton India Limited, Dunia Finance LLC, Citibank, N.A. and ABN AMRO Bank, N.V. He was appointed as the Chief Business Officer of our Bank with effect from 12, February, 2018."
                        ]
                    }
                ]
            }
        ]
    }
}