{
    "url": "https://www.ujjivansfb.in/press-release",
    "domain": "Home",
    "class": "Ujjivan Newsroom",
    "main_title": "Press Release",
    "subtitle": {
        "elements": [
            {
                "text": "Ujjivan Bank Great Place To Work India Ranking 2019",
                "content": [
                    {
                        "text": [
                            "https://ujjivansfb.in/https://www.ujjivansfb.in/assets/web_pdfs/11/original/Ujjivan_Bank_Great_Place_To_Work_India_Ranking_2019.pdf"
                        ]
                    }
                ]
            },
            {
                "text": "Ujjivan Small Finance Bank introduces Life Events Based Banking Services",
                "content": [
                    {
                        "text": [
                            "https://ujjivansfb.in/https://www.ujjivansfb.in/assets/web_pdfs/12/original/Ujjivan_Small_Finance_Bank_introduces_Life_Events_Based_Banking_Services.pdf"
                        ]
                    }
                ]
            },
            {
                "text": "Ujjivan Small Finance Bank launches Smart Kirana Plan this festive season",
                "content": [
                    {
                        "text": [
                            "https://ujjivansfb.in/https://www.ujjivansfb.in/assets/web_pdfs/13/original/PUjjivan_Small_Finance_Bank_launches_Smart_Kirana_Plan_this_festive_season.pdf"
                        ]
                    }
                ]
            },
            {
                "text": "Ujjivan Small Finance Bank launches Digital Savings Fixed Deposit Account and Privilege Saving Account",
                "content": [
                    {
                        "text": [
                            "https://ujjivansfb.in/https://www.ujjivansfb.in/assets/web_pdfs/14/original/Ujjivan_Small_Finance_Bank_launches_Digital_Savings_Fixed_Deposit_Account_and_Privilege_Saving_Account.pdf"
                        ]
                    }
                ]
            },
            {
                "text": "Ujjivan Small Finance Bank Launches Kisan Pragati Card for Farmers",
                "content": [
                    {
                        "text": [
                            "https://ujjivansfb.in/https://www.ujjivansfb.in/assets/web_pdfs/15/original/Ujjivan_Small_Finance_Bank_Launches_Kisan_Pragati_Card_for_Farmers.pdf"
                        ]
                    }
                ]
            },
            {
                "text": "Ujjivan Small Finance Bank Appointment of Nitin Chugh in USFB",
                "content": [
                    {
                        "text": [
                            "https://ujjivansfb.in/pdf/Press-Release/Appointment_of_Nitin_Chugh_in_USFB.pdf"
                        ]
                    }
                ]
            },
            {
                "text": "Ujjivan Small Finance Bank appoints Mr. Nitin Chugh as it's next MD & CEO",
                "content": [
                    {
                        "text": [
                            "https://ujjivansfb.in/pdf/Press-Release/appointment_nitin_chugh.pdf"
                        ]
                    }
                ]
            },
            {
                "text": "Ujjivan Small Finance Bank unveils its radio & cinema campaign",
                "content": [
                    {
                        "text": [
                            "https://ujjivansfb.in/pdf/Press-Release/Ujjivan-Small-Finance-Bank-unveils-its-radio-&-cinema-campaign.pdf"
                        ]
                    }
                ]
            },
            {
                "text": "Ujjivan Small Finance Bank launches 8 Unbanked Rural Centres in Tamil Nadu",
                "content": [
                    {
                        "text": [
                            "https://ujjivansfb.in/pdf/Press-Release/Ujjivan-Small-Finance%20Bank-launches-8-Unbanked-Rural-Centres-in-Tamil-Nadu.pdf"
                        ]
                    }
                ]
            },
            {
                "text": "Ujjivan Small Finance Bank signs MoU with Kinetic Green Energy & Power Solutions Ltd., for electric vehicle financing",
                "content": [
                    {
                        "text": [
                            "https://ujjivansfb.in/pdf/Press-Release/Ujjivan_Small_Finance_Bank_signs_MoU_with_Kinetic_Green_Energy.pdf"
                        ]
                    }
                ]
            },
            {
                "text": "Ujjivan Small Finance Bank launches its first Brand Campaign",
                "content": [
                    {
                        "text": [
                            "https://ujjivansfb.in/pdf/Press-Release/Ujjivan-Small-Finance-Bank-launches-its-first-Brand-Campaign.pdf"
                        ]
                    }
                ]
            },
            {
                "text": "Ujjivan Small Finance Bank launches 39 Unbanked Rural Centres in East Region",
                "content": [
                    {
                        "text": [
                            "https://ujjivansfb.in/pdf/Press-Release/Ujjivan-Small-Finance-Bank-launches-39-Unbanked-Rural-Centres-in-East-Region.pdf"
                        ]
                    }
                ]
            },
            {
                "text": "Ujjivan Small Finance Bank ties up with CCAvenue",
                "content": [
                    {
                        "text": [
                            "https://ujjivansfb.in/pdf/Press-Release/Ujjivan-Small-Finance-Bank-ties-up-with-CCAvenue.pdf"
                        ]
                    }
                ]
            },
            {
                "text": "Ujjivan Small Finance Bank launches Tax Saver Fixed Deposit Product",
                "content": [
                    {
                        "text": [
                            "https://ujjivansfb.in/pdf/Press-Release/Ujjivan-Small-Finance-Bank-launches-Tax-Saver-Fixed-Deposit-Product.pdf"
                        ]
                    }
                ]
            },
            {
                "text": "Ujjivan Small Finance Bank introduces Life Events Based Banking Services",
                "content": [
                    {
                        "text": [
                            "https://ujjivansfb.in/https://www.ujjivansfb.in/assets/web_pdfs/12/original/Ujjivan_Small_Finance_Bank_introduces_Life_Events_Based_Banking_Services.pdf"
                        ]
                    }
                ]
            },
            {
                "text": "Ujjivan Small Finance Bank launches 'Ujjivan Senior Citizen Account'",
                "content": [
                    {
                        "text": [
                            "https://ujjivansfb.in/pdf/Press-Release/Ujjivan-Small-Finance-Bank-launches-Ujjivan-Senior-Citizen-Account.pdf"
                        ]
                    }
                ]
            },
            {
                "text": "Ujjivan Small Finance Bank goes live with its 100th bank branch",
                "content": [
                    {
                        "text": [
                            "https://ujjivansfb.in/pdf/Press-Release/Ujjivan-Small-Finance-Bank-goes-live-with-its-100th-bank-branch.pdf"
                        ]
                    }
                ]
            },
            {
                "text": "Ujjivan Small Finance Bank goes Live with CRMNEXT",
                "content": [
                    {
                        "text": [
                            "https://ujjivansfb.in/pdf/Press-Release/Ujjivan-Small-Finance-Bank-goes-Live-with-CRMNEXT.pdf"
                        ]
                    }
                ]
            },
            {
                "text": "Ujjivan Small Finance Bank receives Scheduled Bank Status from RBI",
                "content": [
                    {
                        "text": [
                            "https://ujjivansfb.in/pdf/Press-Release/Ujjivan-Small-Finance-Bank-receives-Scheduled-Bank-Status-from-RBI.pdf"
                        ]
                    }
                ]
            },
            {
                "text": "Ujjivan Small Finance Bank launches 'Paison Ki ABCD a film' on financial literacy",
                "content": [
                    {
                        "text": [
                            "https://ujjivansfb.in/pdf/Press-Release/Ujjivan-Small-Finance-Bank-launches-Paison-Ki-ABCD-a-film-on-financial-literacy.pdf"
                        ]
                    }
                ]
            },
            {
                "text": "Ujjivan Small Finance Bank commences its banking operation",
                "content": [
                    {
                        "text": [
                            "https://ujjivansfb.in/pdf/Press-Release/Ujjivan-Small-Finance-Bank-commences-its-banking-operation.pdf"
                        ]
                    }
                ]
            }
        ]
    }
}