{
            "url": "https://www.ujjivansfb.in/rural-savings-account#regular-saving",
            "domain": "Rural",
            "class": "Products",
            "main_title": " Ujjivan Bank Regular Savings Account",
            "subtitle": {
                "elements": [
                    {
                        "text": " Features:",
                        "content": [
                            {
                                "text": [
                                    " No Average Monthly Balance criteria.",
                                    " No charges on non-maintenance of minimum balance."
                                ]
                            }
                        ]
                    },
                    {
                        "text": " Your welcome kit includes:",
                        "content": [
                            {
                                "text": [
                                    " personalised RuPay Classic Debit.",
                                    " Debit Card PIN.",
                                    " Debit Card Manual."
                                ]
                            }
                        ]
                    },
                    {
                        "text": " Transaction facilities:",
                        "content": [
                            {
                                "text": [
                                    " Free SMS alert facility to registered mobile number.",
                                    " Remittance offered - NEFT, RTGS and IMPS.",
                                    " Standard rates across all branches."
                                ]
                            }
                        ]
                    },
                    {
                        "text": " ATM transaction limits:",
                        "content": [
                            {
                                "text": [
                                    " Unlimited transactions at Ujjivan Small Finance Bank ATMs.",
                                    " 6 free transactions per month at other bank ATMs."
                                ]
                            }
                        ]
                    },
                    {
                        "text": " Rate of Interest:",
                        "content": [
                            {
                                "text": [
                                    " For interest rate, click here.",
                                    " Interest calculation on daily end of day balances.",
                                    " Interest credited quarterly."
                                ]
                            }
                        ]
                    }
                ]
            }
        }