 {
            "url": "https://www.ujjivansfb.in/rural-home-loans",
            "domain": "Rural",
            "class": "Products",
            "main_title": " Ujjivan Bank Affordable Housing Loans",
            "subtitle": {
                "elements": [
                    {
                        "text": " Construction and Purchase Loan",
                        "content": [
                            {
                                "text": [
                                    " Purpose: For construction and purchase of houses.",
                                    " Loan Amount: `2,00,000 - `75,00,000.",
                                    " ROI: 13.75% - 15.75% p.a.",
                                    " Login Fee: `3000/- + GST.",
                                    " Tenor: 36 months - 240 months.",
                                    " CLADUM Charges (Credit, Legal, Administrative, Documentation, Upkeep of documents, Maintenance): 1% - 2% of loan amount + GST."
                                ]
                            }
                        ]
                    },
                    {
                        "text": " Composite Home Loan",
                        "content": [
                            {
                                "text": [
                                    " Purpose: For purchase of a vacant plot and constructing on it.",
                                    " Loan Amount: `2,00,000 - `30,00,000.",
                                    " ROI: 13.75% - 15.75% p.a.",
                                    " Login Fee: `3000/- + GST",
                                    " Tenor: 36 months - 240 months.",
                                    " CLADUM Charges (Credit, Legal, Administrative, Documentation, Upkeep of documents, Maintenance): 1.5% - 2% of loan amount + GST."
                                ]
                            }
                        ]
                    },
                    {
                        "text": " Home Improvement Loan",
                        "content": [
                            {
                                "text": [
                                    " Purpose: Loans for Home Improvement/Renovation/Extension.",
                                    " Loan Amount: `2,00,000 - `25,00,000.",
                                    " ROI: 15.75% p.a.",
                                    " Login Fee: ` 3000/- + GST",
                                    " Tenor: 36 months - 144 months.",
                                    " CLADUM Charges (Credit, Legal, Administrative, Documentation, Upkeep of documents, Maintenance): 2% of loan amount + GST."
                                ]
                            }
                        ]
                    },
                    {
                        "text": " Home Equity Loan (Non Housing Loan)",
                        "content": [
                            {
                                "text": [
                                    " Purpose: Debt Consolidation, Extended Refinance for building constructed or purchased, mixed usage of loan and funding of mixed properties.",
                                    " Loan Amount: `2,00,000 - `35,00,000.",
                                    " ROI: 15.75% - 17.75% p.a.",
                                    " Login Fee: ` 3000/- + GST",
                                    " Tenor: 36 months - 180 months.",
                                    " CLADUM Charges (Credit, Legal, Administrative, Documentation, Upkeep of documents, Maintenance): 2% of loan amount + GST."
                                ]
                            }
                        ]
                    }
                ]
            }
        }