   {
            "url": "https://www.ujjivansfb.in/rural-savings-account#minor-saving",
            "domain": "Rural",
            "class": "Products",
            "main_title": " Ujjivan Bank Minor Savings Account",
            "subtitle": {
                "elements": [
                    {
                        "text": " Features:",
                        "content": [
                            {
                                "text": [
                                    " No Average Monthly Balance criteria.",
                                    " No charges on non-maintenance of minimum balance.",
                                    " Account can be opened jointly with guardian only.",
                                    " Operated by the parent/guardian till the minor becomes major.",
                                    " Can be converted into a Regular Savings Account when the minor turns major."
                                ]
                            }
                        ]
                    },
                    {
                        "text": " Your Welcome Kit includes:",
                        "content": [
                            {
                                "text": [
                                    " personalised RuPay Classic Debit Card for children over 10 years of age (Shall be provided upon request).",
                                    " Debit Card PIN.",
                                    " Debit Card Manual."
                                ]
                            }
                        ]
                    },
                    {
                        "text": " Transaction facilities:",
                        "content": [
                            {
                                "text": [
                                    " Free SMS alert facility to guardian and minor s registered mobile number.",
                                    " Remittance offered - NEFT, RTGS and IMPS.",
                                    " Standard rates across all branches."
                                ]
                            }
                        ]
                    },
                    {
                        "text": " ATM transaction limits:",
                        "content": [
                            {
                                "text": [
                                    " Unlimited transactions at Ujjivan Small Finance Bank our ATMs.",
                                    " 6 free transactions per month at other bank ATMs."
                                ]
                            }
                        ]
                    },
                    {
                        "text": " Rate of Interest:",
                        "content": [
                            {
                                "text": [
                                    " For interest rate, click here.",
                                    " Interest calculation on daily end of day balances.",
                                    " Interest credited quarterly."
                                ]
                            }
                        ]
                    }
                ]
            }
        }