   {
            "url": "https://www.ujjivansfb.in/rural-agri-loans#kisan-suvidha-loan",
            "domain": "Rural",
            "class": "Products",
            "main_title": " Kisan Suvidha Loan",
            "subtitle": {
                "elements": [
                    {
                        "text": " Features",
                        "content": [
                            {
                                "text": [
                                    " Dairy.",
                                    " Sericulture.",
                                    " Goat Rearing.",
                                    " Poly Nursery.",
                                    " Betel vine.",
                                    " Pig Farming.",
                                    " Arecanut Farm Maintenance.",
                                    " Farm Implements Purchase.",
                                    " Fishery.",
                                    " Vegetable Farm Maintenance.",
                                    " Coconut Farm Maintenance.",
                                    " Mushroom Farming.",
                                    " Sheep Rearing.",
                                    " Poultry.",
                                    " Floriculture.",
                                    " Apiculture."
                                ]
                            }
                        ]
                    },
                    {
                        "text": " Eligibility",
                        "content": [
                            {
                                "text": [
                                    " Loan Amount: `60,000 - `2,00,000.",
                                    " Loan Tenure: 24 months.",
                                    " Rate of Interest: 23.25% p.a on a reducing balance method (governed by the MCLR based pricing policy of the bank).",
                                    " Processing Fee: 1% of loan amount (excluding applicable GST).",
                                    " Credit Bureau Charges: `20 (including applicable GST).",
                                    " Stamp duty : As per state act."
                                ]
                            }
                        ]
                    }
                ]
            }
        }