 {
            "url": "https://www.ujjivansfb.in/rural-savings-account#digital-saving",
            "domain": "Rural",
            "class": "Products",
            "main_title": " Digital Account",
            "subtitle": {
                "elements": [
                    {
                        "text": " Key Features of Savings Account",
                        "content": [
                            {
                                "text": [
                                    " Open a Savings Bank account Instantly.",
                                    " Free Debit Card for 1st year.",
                                    " No minimum balance.",
                                    " Free Transaction SMS alerts.",
                                    " Unlimited free transaction on Ujjivan Bank ATM | 6 free transaction on other bank ATM.",
                                    " Speak directly to our 24*7 call center representative.",
                                    " Walk-in to any of 474 banking outlets across 24 states and union territories.",
                                    " State of art mobile banking in regional languages, bill payments, UPI, recharges and fingerprint login.",
                                    " `1 Lac accidental insurance on Rupay debit card.",
                                    " Banking License Approved by RBI."
                                ]
                            }
                        ]
                    },
                    {
                        "text": " Key Features of Fixed Deposit",
                        "content": [
                            {
                                "text": [
                                    " Open a standalone FD without opening a Savings Account.",
                                    " High Interest rate of 8.3% on FD for a tenure of 799 days.",
                                    " Open an FD for a duration of 30 days to 10 years.",
                                    " Fund your fixed deposit by Net Banking / UPI / Debit Card.",
                                    " Option to withdraw prematurely without penalty after 6 months.",
                                    " Speak directly to our 24*7 call center representative.",
                                    " Walk-in to any of 474 banking outlets across 24 states and union territories.",
                                    " Get FD advice delivered on registered email ID within 24 hours of opening the account."
                                ]
                            }
                        ]
                    },
                    {
                        "text": " Offers",
                        "content": [
                            {
                                "text": [
                                    " Exclusive offers on shopping, restaurants etc., (in collaboration with RUPAY)"
                                ]
                            }
                        ]
                    },
                    {
                        "text": " Eligibility Criteria",
                        "content": [
                            {
                                "text": [
                                    " For all New to Bank Prospects.",
                                    " Eligibility: Above 18 years for FD and age bracket of 18-60 years for savings Account.",
                                    " Docs Required: Aadhaar and PAN. Please check if your mobile number is linked to Aadhaar.",
                                    " Have a valid document for the communication address.",
                                    " Agree to link the savings account to receive DBT.",
                                    " Complete the full KYC within one year from the date of account opening."
                                ]
                            }
                        ]
                    }
                ]
            }
        }