{
            "url": "https://www.ujjivansfb.in/rural-savings-account#senior-citizen",
            "domain": "Rural",
            "class": "Products",
            "main_title": " Ujjivan Bank Senior Citizen Savings Account",
            "subtitle": {
                "elements": [
                    {
                        "text": " Features:",
                        "content": [
                            {
                                "text": [
                                    " Flexible to use- No Minimum balance charges & No Monthly Average Balance criteria.",
                                    " Free Cash Deposit & Withdrawal at branches."
                                ]
                            }
                        ]
                    },
                    {
                        "text": " Your welcome kit includes:",
                        "content": [
                            {
                                "text": [
                                    " Life time Free Debit Card.",
                                    " Debit Card PIN.",
                                    " Free 25 Cheque leaves per quarter (on request)."
                                ]
                            }
                        ]
                    },
                    {
                        "text": " Transaction facilities:",
                        "content": [
                            {
                                "text": [
                                    " Free SMS facility to the registered Mobile number.",
                                    " Remittance facility- NEFT, IMPS & RTGS.",
                                    " Stand rates across all Ujjivan SFB branches."
                                ]
                            }
                        ]
                    },
                    {
                        "text": " ATM transaction limits:",
                        "content": [
                            {
                                "text": [
                                    " Unlimited FREE transactions across all Ujjivan s biometric enabled ATMs.",
                                    " 6 FREE transactions per month at other bank ATMs."
                                ]
                            }
                        ]
                    },
                    {
                        "text": " Rate of Interest:",
                        "content": [
                            {
                                "text": [
                                    " For interest rate, click here.",
                                    " Interest is calculated on daily end of day balance.",
                                    " Interest to be credited quarterly."
                                ]
                            }
                        ]
                    },
                    {
                        "text": " Channel Access:",
                        "content": [
                            {
                                "text": [
                                    " Access to your account across all Ujjivan SFB branches.",
                                    " 24*7 access to your account through Ujjivan helpline - 1800-208-2121.",
                                    " User friendly Ujjivan Internet & Mobile Banking platforms.",
                                    " 24*7 access to all Ujjivan Biometric enabled ATMs."
                                ]
                            }
                        ]
                    }
                ]
            }
        }