{
            "url": "https://www.ujjivansfb.in/rural-savings-account#basic-savings-account",
            "domain": "Rural",
            "class": "Products",
            "main_title": " Ujjivan Bank Basic Savings Bank Deposit Account",
            "subtitle": {
                "elements": [
                    {
                        "text": " Features:",
                        "content": [
                            {
                                "text": [
                                    " No Average Monthly Balance criteria.",
                                    " No charges on non-maintenance of minimum balance.",
                                    " Open account as a single or joint account."
                                ]
                            }
                        ]
                    },
                    {
                        "text": " Your Welcome Kit includes:",
                        "content": [
                            {
                                "text": [
                                    " RuPay Classic Debit Card.",
                                    " Debit Card PIN.",
                                    " Debit Card Manual."
                                ]
                            }
                        ]
                    },
                    {
                        "text": " Transaction facilities:",
                        "content": [
                            {
                                "text": [
                                    " Standard rates across all branches.",
                                    " Remittance offered - NEFT and IMPS."
                                ]
                            }
                        ]
                    },
                    {
                        "text": " Transaction limits:",
                        "content": [
                            {
                                "text": [
                                    " 4 free transactions across all channels including branch."
                                ]
                            }
                        ]
                    },
                    {
                        "text": " Rate of Interest:",
                        "content": [
                            {
                                "text": [
                                    " For interest rate, click here.",
                                    " Interest calculation on daily end of day balances.",
                                    " Interest credited quarterly."
                                ]
                            }
                        ]
                    }
                ]
            }
        }