{
            "url": "https://www.ujjivansfb.in/rural-agri-loans#agri-group-loan",
            "domain": "Rural",
            "class": "Products",
            "main_title": " Agri Group Loans",
            "subtitle": {
                "elements": [
                    {
                        "text": " Features",
                        "content": [
                            {
                                "text": [
                                    " Cattle Maintenance/ Purchase.",
                                    " Sericulture.",
                                    " Tractor Maintenance / Equipment Purchase."
                                ]
                            }
                        ]
                    },
                    {
                        "text": " Eligibility",
                        "content": [
                            {
                                "text": [
                                    " Loan Amount: `30,000 - `60,000.",
                                    " Loan Tenure: 24 months",
                                    " Rate of Interest: 22% p.a on a reducing balance method (governed by the MCLR based pricing policy of the bank).",
                                    " Processing Fee: 1.20% +GST."
                                ]
                            }
                        ]
                    }
                ]
            }
        }