{
            "url": "https://www.ujjivansfb.in/rural-vehicle-loans#two-wheeler-loan",
            "domain": "Business",
            "class": "Products",
            "main_title": " Ujjivan Bank Two Wheeler Loan",
            "subtitle": {
                "elements": [
                    {
                        "text": " Features & Benefits",
                        "content": [
                            {
                                "text": [
                                    " Customized financing options to cater all types of 2 wheeler needs.",
                                    " Up to 95% funding on on-road price.",
                                    " Flexible tenure options, ranging from 12 to 36 months.",
                                    " Hassle free documentation.",
                                    " Competitive Interest Rates.",
                                    " Easy repayments."
                                ]
                            }
                        ]
                    },
                    {
                        "text": " Eligibility",
                        "content": [
                            {
                                "text": [
                                    " Individual between 18 to 59 years of age.",
                                    " Salaried/Self Employed with minimum work experience of one year."
                                ]
                            }
                        ]
                    },
                    {
                        "text": " Minimum Documents Required",
                        "content": [
                            {
                                "text": [
                                    " KYC Documents.",
                                    " One security cheque.",
                                    " One passport size photograph."
                                ]
                            }
                        ]
                    },
                    {
                        "text": " Schedule of Charges",
                        "content": [
                            {
                                "text": [
                                    " Loan Amount ==> `26,000 \u2013 `85,000.",
                                    " Loan Tenure ==> 12 - 36 months.",
                                    " Rate of Interest ==> 22% - 27% p.a. (reducing balance).",
                                    " Processing Fee ==> 2% of loan amount (excluding applicable GST).",
                                    " Documentation Charges ==> `950 (excluding applicable GST).",
                                    " Stamp duty ==> As per the state by-laws.",
                                    " CERSAI Charges ==> At actuals.",
                                    " Late Payment Charges ==> 2% flat on the overdue amount (excluding applicable GST).",
                                    " Bounce Charges ==> `450 per bounce.",
                                    " Pre-closure Charges ==> Pre-closure of loan will attract a pre-payment penalty of 2 % p.a. of principal outstanding (excluding applicable GST)."
                                ]
                            },
                            {
                                "text": []
                            }
                        ]
                    }
                ]
            }
        }