{
    "url": "https://www.ujjivansfb.in/nri-deposits#nre-fixed-deposits",
    "domain": "NRI",
    "class": "Products",
    "main_title": " Ujjivan Bank NRE Fixed Deposits",
    "subtitle": {
        "elements": [
            {
                "text": " Features:",
                "content": [
                    {
                        "text": [
                            " Minimum amount - `5,000",
                            " Fixed Deposits can be opened for a minimum period of 1 year to a maximum of 10 years.",
                            " Interest payment options - monthly, quarterly, half yearly and at Maturity (Discounted interest rate for monthly interest payout option).",
                            " Premature Closure and Partial Withdrawal facility allowed.",
                            " The rate of interest paid for fixed deposits will vary according to tenure and amount.",
                            " Interest Rates"
                        ]
                    }
                ]
            }
        ]
    }
}