{
    "url": "https://www.ujjivansfb.in/nri-savings-account#nre-saving-account",
    "domain": "NRI",
    "class": "Products",
    "main_title": " Ujjivan Bank NRE Savings Account",
    "subtitle": {
        "elements": [
            {
                "text": " Features:",
                "content": [
                    {
                        "text": [
                            " Minimum MAB as low as `10,000.",
                            " Tax free earnings.",
                            " Fully repatriable funds.",
                            " Mandate Facility.",
                            " Free NEFT/RTGS."
                        ]
                    }
                ]
            },
            {
                "text": " Overseas Remittance Facility",
                "content": [
                    {
                        "text": [
                            " Secure Inward & Outward remittance facility in foreign currency.",
                            " Remittance at competitive exchange rates."
                        ]
                    }
                ]
            },
            {
                "text": " ATM Transaction Limits:",
                "content": [
                    {
                        "text": [
                            " Unlimited FREE transactions across all Ujjivan s biometric enabled ATMs.",
                            " 6 FREE transactions per month at other bank ATMs."
                        ]
                    }
                ]
            },
            {
                "text": " Rate of Interest:",
                "content": [
                    {
                        "text": [
                            " Interest is calculated on daily end of day balance.",
                            " Interest to be credited quarterly.",
                            " Interest Rates"
                        ]
                    }
                ]
            },
            {
                "text": " Transaction Facilities:",
                "content": [
                    {
                        "text": [
                            " Free SMS facility to the registered Indian Mobile number.",
                            " Free Remittance facility- NEFT & RTGS."
                        ]
                    }
                ]
            }
        ]
    }
}