{
	"https://www.indianbank.in/departments/ib-i-freedom-current-account/" : {
		"title_pattern" : "<h3>.*</h3>"
	},



	"https://www.indianbank.in/departments/mca-payment/" : {
		"title_pattern" : null
	},

	"https://www.indianbank.in/departments/money-gram/" : {
		"title_pattern" : null
	},

	"https://www.indianbank.in/departments/atm-debit-cards/" : {
		"title_pattern" : null
	},

	"https://www.indianbank.in/departments/ind-mobile-banking/" : {
		"title_pattern" : null
	},

	"https://www.indianbank.in/departments/ind-netbanking/" : {
		"title_pattern" : null
	},

	"https://www.indianbank.in/departments/credit-cards/" : {
		"title_pattern" : null
	},

	"https://www.indianbank.in/departments/xpress-money-inward-remittance-money-transfer-service-scheme/" : {
		"title_pattern" : null
	},

	"https://www.indianbank.in/departments/n-e-f-t/" : {
		"title_pattern" : null
	},

	"https://www.indianbank.in/departments/ind-jet-remit-rtgs/" : {
		"title_pattern" : null
	},

	"https://www.indianbank.in/departments/multicity-cheque-facility/" : {
		"title_pattern" : null
	},





	"https://www.indianbank.in/departments/ib-vidyarthi-suraksha-with-pnb-metlife/" : {
		"title_pattern" : null
	},

	"https://www.indianbank.in/departments/ib-home-security-group-insurance-scheme-for-mortgage-borrowers-launch-in-association-with-kotak-mahindra-old-mutual-life-insurance-limited/" : {
		"title_pattern" : null
	},

	"https://www.indianbank.in/departments/universal-health-care-launched-in-association-with-uiic-ltd/" : {
		"title_pattern" : null
	},

	"https://www.indianbank.in/departments/jana-shree-bima-yojana-launched-in-association-with-lic/" : {
		"title_pattern" : null
	},

	"https://www.indianbank.in/departments/new-ib-jeevan-vidya-2/" : {
		"title_pattern" : null
	},

	"https://www.indianbank.in/departments/ib-jeevan-kalyan/" : {
		"title_pattern" : null
	},

	"https://www.indianbank.in/departments/ib-varishtha/" : {
		"title_pattern" : null
	},

	"https://www.indianbank.in/departments/ib-chhatra/" : {
		"title_pattern" : null
	},

	"https://www.indianbank.in/departments/ib-griha-jeevan-group-insurance-scheme-for-mortgage-borrowers-launched-in-association-with-lic/" : {
		"title_pattern" : null
	},

	"https://www.indianbank.in/departments/ib-yatra-suraksha-with-uiic-ltd/" : {
		"title_pattern" : null
	},

	"https://www.indianbank.in/departments/cms-plus/" : {
		"title_pattern" : null
	},





	"https://www.indianbank.in/departments/doorstep-banking/" : {
		"title_pattern" : null
	},


	"https://www.indianbank.in/departments/e-payment-of-direct-taxes/" : {
		"title_pattern" : null
	},

	"https://www.indianbank.in/departments/e-payment-of-indirect-taxes/" : {
		"title_pattern" : null
	},

	"https://www.indianbank.in/departments/debenture-trustee/" : {
		"title_pattern" : null
	},





	"https://www.indianbank.in/departments/ib-home-loan-combo/" : {
		"title_pattern" : null
	},

	"https://www.indianbank.in/departments/ib-rent-encash/" : {
		"title_pattern" : null
	},

	"https://www.indianbank.in/departments/loan-od-against-deposits/" : {
		"title_pattern" : null
	},

	"https://www.indianbank.in/departments/ib-clean-loan-to-salaried-class/" : {
		"title_pattern" : null
	},

	"https://www.indianbank.in/departments/ib-balavidhya-scheme/" : {
		"title_pattern" : null
	},


	"https://www.indianbank.in/departments/ind-reverse-mortgage/" : {
		"title_pattern" : null
	},

	"https://www.indianbank.in/departments/ib-vehicle-loan/" : {
		"title_pattern" : null
	},

	"https://www.indianbank.in/departments/ind-mortgage/" : {
		"title_pattern" : null
	},

	"https://www.indianbank.in/departments/ib-home-loan/" : {
		"title_pattern" : null
	},

	"https://www.indianbank.in/departments/ib-pension-loan/" : {
		"title_pattern" : null
	},

	"https://www.indianbank.in/departments/home-improve/" : {
		"title_pattern" : null
	},

	"https://www.indianbank.in/departments/ib-home-loan-plus/" : {
		"title_pattern" : null
	},

	"https://www.indianbank.in/departments/loan-od-against-nsc-kvp-relief-bonds-of-rbi-lic-policies/" : {
		"title_pattern" : null
	},










	"https://www.indianbank.in/departments/ib-vidhya-mandir/" : {
		"title_pattern" : null
	},

	"https://www.indianbank.in/departments/my-own-shop/" : {
		"title_pattern" : null
	},

	"https://www.indianbank.in/departments/ib-doctor-plus/" : {
		"title_pattern" : null
	},

	"https://www.indianbank.in/departments/ib-contractors/" : {
		"title_pattern" : null
	},


	"https://www.indianbank.in/departments/ib-tradewell/" : {
		"title_pattern" : null
	},

	"https://www.indianbank.in/departments/ind-sme-secure/" : {
		"title_pattern" : null
	},

	"https://www.indianbank.in/departments/ind-msme-vehicle/" : {
		"title_pattern" : null
	},

	"https://www.indianbank.in/departments/ib-micro/" : {
		"title_pattern" : null
	},

	"https://www.indianbank.in/departments/ind-sme-mortgage/" : {
		"title_pattern" : null
	},


	"https://www.indianbank.in/departments/ind-sme-e-vaahan/" : {
		"title_pattern" : null
	},





	"https://www.indianbank.in/departments/revised-iba-model-educational-loan-scheme-2015/" : {
		"title_pattern" : null
	},


	"https://www.indianbank.in/departments/ib-educational-loan-prime/" : {
		"title_pattern" : null
	},

	"https://www.indianbank.in/departments/ib-skill-loan-scheme/" : {
		"title_pattern" : null
	},

	"https://www.indianbank.in/departments/hindi-education-loan-interest-subsidies/" : {
		"title_pattern" : null
	},



	"https://www.indianbank.in/departments/savings-bank/" : {
		"title_pattern" : null
	},

	"https://www.indianbank.in/departments/ib-corp-sb-payroll-package-scheme-for-salaried-class/" : {
		"title_pattern" : null
	},

	"https://www.indianbank.in/departments/vikas-savings-khata-a-no-frills-savings-bank-account/" : {
		"title_pattern" : null
	},

	"https://www.indianbank.in/departments/ib-smart-kid/" : {
		"title_pattern" : null
	},

	"https://www.indianbank.in/departments/important-terms-and-conditions/" : {
		"title_pattern" : null
	},

	"https://www.indianbank.in/departments/sb-platinum/" : {
		"title_pattern" : null
	},





	"https://www.indianbank.in/departments/supreme-current-accounts/" : {
		"title_pattern" : null
	},

	"https://www.indianbank.in/departments/current-account/" : {
		"title_pattern" : null
	},

	"https://www.indianbank.in/departments/important-terms-and-conditions-2/" : {
		"title_pattern" : "<h4>.*</h4>"
	},

	"https://www.indianbank.in/departments/premium-current-account/" : {
		"title_pattern" : null
	},




	"https://www.indianbank.in/departments/facility-deposit/" : {
		"title_pattern" : null
	},

	"https://www.indianbank.in/departments/capital-gains/" : {
		"title_pattern" : null
	},

	"https://www.indianbank.in/departments/terms-and-conditions-term-deposit-account/" : {
		"title_pattern" : "<h3>.*</h3>"
	},

	"https://www.indianbank.in/departments/recurring-deposit/" : {
		"title_pattern" : null
	},

	"https://www.indianbank.in/departments/ib-tax-saver-scheme/" : {
		"title_pattern" : null
	},

	"https://www.indianbank.in/departments/fixed-deposit/" : {
		"title_pattern" : null
	},

	"https://www.indianbank.in/departments/variable-recurring-deposit/" : {
		"title_pattern" : null
	},





	"https://www.indianbank.in/departments/resident-foreign-currency-account-for-returning-indians/" : {
		"title_pattern" : null
	},

	"https://www.indianbank.in/departments/nre-fd-rip-rd-accounts/" : {
		"title_pattern" : null
	},

	"https://www.indianbank.in/departments/non-resident-ordinary-account/" : {
		"title_pattern" : null
	},

	"https://www.indianbank.in/departments/fcnr-b-accounts/" : {
		"title_pattern" : null
	},







	"https://www.indianbank.in/departments/nre-fd-rip-rd-accounts/" : {
		"title_pattern" : null
	},

	"https://www.indianbank.in/departments/nre-fd-rip-rd-accounts/" : {
		"title_pattern" : null
	},



	"https://www.indianbank.in/departments/pos/" : {
		"title_pattern" : "<p><strong><u>.*</u></strong></p>"
	},

	"https://www.indianbank.in/departments/cash-at-pos/" : {
		"title_pattern" : "<p><strong>.*</strong></p>"
	},

	"https://www.indianbank.in/departments/indpay/" : {
		"title_pattern" : "<h3><strong>.*</strong></h3>"
	},

	"https://www.indianbank.in/departments/ib-collect-plus-2/" : {
		"title_pattern" : "<strong>.*</strong>"
	},

	"https://www.indianbank.in/departments/ib-v-collect-plus-2/" : {
		"title_pattern" : "<strong>.*</strong>"
	},

	"https://www.indianbank.in/departments/internet-banking/" : {
		"title_pattern" : null
	},

	"https://www.indianbank.in/departments/debit-cards/" : {
		"title_pattern" : null
	},

	"https://www.indianbank.in/departments/credit-card/" : {
		"title_pattern" : null
	},



	"https://www.indianbank.in/departments/applications-supported-by-blocked-amount/" : {
		"title_pattern" : "<h3>.*</h3>"
	},

	"https://www.indianbank.in/departments/n-r-i-foreign-exchange/" : {
		"title_pattern" : null
	},

	"https://www.indianbank.in/departments/central-scheme-to-provide-interest-subsidy-csis/" : {
		"title_pattern" : null
	},

	"https://www.indianbank.in/departments/centralized-pension-processing-system/" : {
		"title_pattern" : null
	},




	"https://www.indianbank.in/departments/managing-director-ceos-profile/" : {
		"title_pattern" : null
	},

	"https://www.indianbank.in/departments/banks-profile/" : {
		"title_pattern" : "<p><strong>.*</strong></p>"
	},

	"https://www.indianbank.in/departments/board-of-directors/" : {
		"title_pattern" : null
	},

	"https://www.indianbank.in/departments/vision-and-mission/" : {
		"title_pattern" : "<h4 align=\"justify\">.*</h4>"
	},

	"https://www.indianbank.in/departments/executive-directors-profile/" : {
		"title_pattern" : null
	},

	"https://www.indianbank.in/departments/general-managers/" : {
		"title_pattern" : null
	},

	"https://www.indianbank.in/departments/chief-vigilance-officer/" : {
		"title_pattern" : null
	},

	"https://www.indianbank.in/departments/financial-results/" : {
		"title_pattern" : null
	},

	"https://www.indianbank.in/departments/corporate-governance/" : {
		"title_pattern" : null
	},

	"https://www.indianbank.in/departments/nodal-officers/" : {
		"title_pattern" : "<h3>.*</h3>"
	},

	"https://www.indianbank.in/departments/annual-general-meeting/" : {
		"title_pattern" : "<h3>.*</h3>"
	},

	"https://www.indianbank.in/departments/shareholding-pattern/" : {
		"title_pattern" : "<h3>.*</h3>"
	},

	"https://www.indianbank.in/departments/annual-reports/" : {
		"title_pattern" : "<h3>.*</h3>"
	},

	"https://www.indianbank.in/departments/image/" : {
		"title_pattern" : null
	},

	"https://www.indianbank.in/departments/indian-bank-mutual-fund/" : {
		"title_pattern" : null
	},








	"https://www.indianbank.in/departments/quick-contact/" : {
		"title_pattern" : "<h3>.*</h3>"
	},

	"https://www.indianbank.in/departments/complaints-officers-list/" : {
		"title_pattern" : null
	},

	"https://www.indianbank.in/departments/online-customer-complaints/" : {
		"title_pattern" : null
	},

	"https://www.indianbank.in/departments/death-claim/" : {
		"title_pattern" : null
	},

	"https://www.indianbank.in/departments/head-office/" : {
		"title_pattern" : null
	},

	"https://www.indianbank.in/departments/department/" : {
		"title_pattern" : null
	},

	"https://www.indianbank.in/departments/executives/" : {
		"title_pattern" : null
	},

	"https://www.indianbank.in/departments/image-2/" : {
		"title_pattern" : null
	},

	"https://www.indianbank.in/departments/foreign-branches/" : {
		"title_pattern" : null
	},

	"https://www.indianbank.in/departments/overseas-branches/" : {
		"title_pattern" : null
	},

	"https://www.indianbank.in/departments/overseas-branches/" : {
		"title_pattern" : null
	},

	"https://www.indianbank.in/departments/zonal-offices/" : {
		"title_pattern" : null
	},

	"https://www.indianbank.in/departments/e-confirmation-of-bank-guarantee/" : {
		"title_pattern" : null
	},




	"https://www.indianbank.in/departments/rbi-kehta-hain/" : {
		"title_pattern" : "<p>.*</p>"
	},



	"https://www.indianbank.in/departments/loans-for-maintenance-of-tractors-under-tie-up-with-sugar-mills/" : {
		"title_pattern" : "<h3>.*</h3>"
	},

	"https://www.indianbank.in/departments/agricultural-produce-marketing-loan/" : {
		"title_pattern" : "<h3>.*</h3>"
	},

	"https://www.indianbank.in/departments/financing-agriculturists-for-purchase-of-tractors/" : {
		"title_pattern" : "<h3>.*</h3>"
	},

	"https://www.indianbank.in/departments/purchase-of-second-hand-pre-used-tractors-by-agriculturists/" : {
		"title_pattern" : "<h3>.*</h3>"
	},

	"https://www.indianbank.in/departments/agri-clinic-and-agri-business-centres/" : {
		"title_pattern" : "<h3>.*</h3>"
	},

	"https://www.indianbank.in/departments/shg-bank-linkage-programme-direct-linkage-to-shgs/" : {
		"title_pattern" : "<h3>.*</h3>"
	},

	"https://www.indianbank.in/departments/rupay-kisan-card/" : {
		"title_pattern" : "<h3>.*</h3>"
	},

	"https://www.indianbank.in/departments/dri-scheme-revised-norms/" : {
		"title_pattern" : "<h3>.*</h3>"
	},

	"https://www.indianbank.in/departments/sugar-premium-scheme/" : {
		"title_pattern" : "<h3>.*</h3>"
	},

	"https://www.indianbank.in/departments/golden-harvest-scheme/" : {
		"title_pattern" : "<h3>.*</h3>"
	},

	"https://www.indianbank.in/departments/agricultural-jewel-loan-scheme/" : {
		"title_pattern" : "<h3>.*</h3>"
	},

	"https://www.indianbank.in/departments/agricultural-godowns-cold-storage/" : {
		"title_pattern" : "<h3>.*</h3>",
		"html" : {
			"main_title" : {
				"tag" : "h1",
				"class" : "contentTitle wow bounceInRight"
			},
			"main_content" : {
				"tag" : "div",
				"class" : ""wow zoomIn"
			}

		}
	},







	"https://www.indianbank.in/departments/service-charges-forex-rates/" : {
		"title_pattern" : null
	},

	"https://www.indianbank.in/departments/lending-rates/" : {
		"title_pattern" : null
	}
}
