{
    "url": "https://www.ujjivansfb.in/v1/financial-result",
    "domain": "Home",
    "class": "About Us",
    "main_title": "Financial Information",
    "subtitle": {
        "elements": [
            {
                "text": "Financial year ending 30, September, 2019",
                "content": [
                    {
                        "text": [
                            "https://ujjivansfb.in/pdf/Financials_year_ending_september_30_2019.pdf"
                        ]
                    }
                ]
            },
            {
                "text": "Financial year ending 31, March, 2019",
                "content": [
                    {
                        "text": [
                            "https://ujjivansfb.in/pdf/Financials_year_ending_March_31_2019.pdf"
                        ]
                    }
                ]
            },
            {
                "text": "Half Year ending 30, September, 2018",
                "content": [
                    {
                        "text": [
                            "https://ujjivansfb.in/pdf/Half-Year-Ending-September-30-2018.pdf"
                        ]
                    }
                ]
            },
            {
                "text": "Financial Year ending 31, March, 2018",
                "content": [
                    {
                        "text": [
                            "https://ujjivansfb.in/pdf/Financial_Year_Ending_March_31_2018.pdf"
                        ]
                    }
                ]
            },
            {
                "text": "Half Year ending 30, September, 2017",
                "content": [
                    {
                        "text": [
                            "https://ujjivansfb.in/pdf/Half_Year_ending_September_30_2017.pdf"
                        ]
                    }
                ]
            }
        ]
    }
}