{
    "url": "https://www.ujjivansfb.in/support-interst-rates",
    "domain": "Personal",
    "class": "Products",
    "main_title": "FD Interest Rates",
    "subtitle": {
        "elements": [
            {
                "text": "Interest Rates for Domestic & NRO* Deposits - Below mentioned are the Interest Rates with Effect from 19th Dec, 2019",
                "content": [
                    {
                        "text": "",
                        "table": [
                            {
                                "key": "Amount",
                                "value": [
                                    "Interest Rate (pa) (Under Rs.2 Crore)"
                                ]
                            },
                            {
                                "key": "Up to 5 lakhs",
                                "value": [
                                    "4%"
                                ]
                            },
                            {
                                "key": "> 5 lakhs to 50 lakhs",
                                "value": [
                                    "5.50%"
                                ]
                            },
                            {
                                "key": "> 50 lakhs to 5 crores",
                                "value": [
                                    "6.75%"
                                ]
                            },
                            {
                                "key": "> 5 crores",
                                "value": [
                                    "7%"
                                ]
                            },
                            {
                                "key": "799 Days",
                                "value": [
                                    "8.10%"
                                ]
                            },
                            {
                                "key": "800 Days to 3 Years",
                                "value": [
                                    "7.50%"
                                ]
                            },
                            {
                                "key": "3 Years and 1 Day to 5 Years",
                                "value": [
                                    "7.00%"
                                ]
                            },
                            {
                                "key": "5 Years and 1 Day to 10 Years",
                                "value": [
                                    "6.50%"
                                ]
                            },
                            {
                                "key": "799 Days",
                                "value": [
                                    "8.10%"
                                ]
                            },
                            {
                                "key": "800 Days to 3 Years",
                                "value": [
                                    "7.50%"
                                ]
                            },
                            {
                                "key": "3 Years and 1 Day to 5 Years",
                                "value": [
                                    "7.00%"
                                ]
                            },
                            {
                                "key": "5 Years and 1 Day to 10 Years",
                                "value": [
                                    "6.50%"
                                ]
                            },
                            {
                                "key": "Additional Interest Rate for Senior Citizens",
                                "value": [
                                    "0.50%"
                                ]
                            }
                        ]
                    }
                ]
            },
            {
                "text": "Interest Rates for Resident Recurring Deposits - Disclaimer clause:\u201cinterest rates are subject to periodic changes and the applicable interest rates will be given based on the date and time of receipt of the funds by the Bank\u201d",
                "content": [
                    {
                        "text": "",
                        "table": [
                            {
                                "key": "Amount",
                                "value": [
                                    "Interest Rate (pa) (Under Rs.2 Crore)"
                                ]
                            },
                            {
                                "key": "Up to 5 lakhs",
                                "value": [
                                    "4%"
                                ]
                            },
                            {
                                "key": "> 5 lakhs to 50 lakhs",
                                "value": [
                                    "5.50%"
                                ]
                            },
                            {
                                "key": "> 50 lakhs to 5 crores",
                                "value": [
                                    "6.75%"
                                ]
                            },
                            {
                                "key": "> 5 crores",
                                "value": [
                                    "7%"
                                ]
                            },
                            {
                                "key": "799 Days",
                                "value": [
                                    "8.10%"
                                ]
                            },
                            {
                                "key": "800 Days to 3 Years",
                                "value": [
                                    "7.50%"
                                ]
                            }
                        ]
                    }
                ]
            },
            {
                "text": "Interest Rates for NRE*# Deposits",
                "content": [
                    {
                        "text": [
                            "*Please Note:No Additional Interest Rate for Senior Citizens",
                            "#1. Minimum Tenure for NRE Deposit is 1 year",
                            "#2. In case of pre-closure within 1 year no interest shall be paid and no penalty would be levied",
                            "#3. In case of part withdrawal within 1 year no interest shall be paid on the amount partially withdrawn and no penalty would be levied"
                        ]
                    }
                ]
            },
            {
                "text": "Interest Rates for NRE*# Deposits",
                "content": [
                    {
                        "text": "",
                        "table": [
                            {
                                "key": "Amount",
                                "value": [
                                    "Interest Rate (pa) (Under Rs.2 Crore)"
                                ]
                            },
                            {
                                "key": "Up to 5 lakhs",
                                "value": [
                                    "4%"
                                ]
                            },
                            {
                                "key": "> 5 lakhs to 50 lakhs",
                                "value": [
                                    "5.50%"
                                ]
                            },
                            {
                                "key": "> 50 lakhs to 5 crores",
                                "value": [
                                    "6.75%"
                                ]
                            },
                            {
                                "key": "> 5 crores",
                                "value": [
                                    "7%"
                                ]
                            },
                            {
                                "key": "799 Days",
                                "value": [
                                    "8.10%"
                                ]
                            },
                            {
                                "key": "800 Days to 3 Years",
                                "value": [
                                    "7.50%"
                                ]
                            },
                            {
                                "key": "3 Years and 1 Day to 5 Years",
                                "value": [
                                    "7.00%"
                                ]
                            },
                            {
                                "key": "5 Years and 1 Day to 10 Years",
                                "value": [
                                    "6.50%"
                                ]
                            }
                        ]
                    }
                ]
            },
            {
                "text": "Interest Rates For Savings Account",
                "content": [
                    {
                        "text": [
                            "* Important Points:No Additional Interest Rate for Senior Citizens",
                            "#1. Revised rates are applicable to deposits below Rs. 2 Crore only.",
                            "#2. The Bonafide staff/employees of Ujjivan Small Finance Bank Limited are eligible for an additional rate of 1% over and above the rates mentioned.",
                            "#3. Staff will not be eligible for Senior Citizen rates."
                        ]
                    }
                ]
            },
            {
                "text": "Interest Rates for Savings Account",
                "content": [
                    {
                        "text": "",
                        "table": [
                            {
                                "key": "Amount",
                                "value": [
                                    "Interest Rate (pa)"
                                ]
                            },
                            {
                                "key": "Up to 5 lakhs",
                                "value": [
                                    "4%"
                                ]
                            },
                            {
                                "key": "> 5 lakhs to 50 lakhs",
                                "value": [
                                    "5.50%"
                                ]
                            },
                            {
                                "key": "> 50 lakhs to 5 crores",
                                "value": [
                                    "6.75%"
                                ]
                            },
                            {
                                "key": "> 5 crores",
                                "value": [
                                    "7%"
                                ]
                            }
                        ]
                    }
                ]
            }
        ]
    }
}