{
    "url": "https://www.ujjivansfb.in/form-center",
    "domain": "Personal",
    "class": "Products",
    "main_title": "FORM CENTER",
    "subtitle": {
        "elements": [
            {
                "text": "Micro & Small Enterprises (MSE) Loan Application Form  Applicant",
                "content": [
                    {
                        "text": [
                            "https://ujjivansfb.in/pdf/MSE_Loan_Applicant_Form.pdf"
                        ]
                    }
                ]
            },
            {
                "text": "Micro & Small Enterprises (MSE) Loan Application Form  Co-Applicant",
                "content": [
                    {
                        "text": [
                            "https://ujjivansfb.in/pdf/MSE_Loan_Co_Applicant_Form.pdf"
                        ]
                    }
                ]
            },
            {
                "text": "Account Opening Form (Savings Account & Individual Current Account)",
                "content": [
                    {
                        "text": [
                            "https://ujjivansfb.in/pdf/MSE_Loan_Co_Applicant_Form.pdf"
                        ]
                    }
                ]
            },
            {
                "text": "Account Opening Form (FD/RD)",
                "content": [
                    {
                        "text": [
                            "https://ujjivansfb.in/pdf/FDRD_Challan.pdf"
                        ]
                    }
                ]
            },
            {
                "text": "Account Opening Form (Non Individual Current Account)",
                "content": [
                    {
                        "text": [
                            "https://ujjivansfb.in/pdf/Non_Individual.pdf"
                        ]
                    }
                ]
            },
            {
                "text": "Account Opening Form NR",
                "content": [
                    {
                        "text": [
                            "https://ujjivansfb.in/pdf/Account_Opening_Form_NR.PDF"
                        ]
                    }
                ]
            },
            {
                "text": "Account Opening Form for Institutional Segments (Trusts, Associations, Society, Clubs and Government Bodies)",
                "content": [
                    {
                        "text": [
                            "https://ujjivansfb.in/pdf/Non_Individual%20(1).pdf"
                        ]
                    }
                ]
            },
            {
                "text": "Agri Group Loan : Individual Customer Profile Form",
                "content": [
                    {
                        "text": [
                            "https://ujjivansfb.in/pdf/AGL_Individual_Customer_Profile_Form.pdf"
                        ]
                    }
                ]
            },
            {
                "text": "Agri Group Loan : Applicataion Form",
                "content": [
                    {
                        "text": [
                            "https://ujjivansfb.in/pdf/AGL_Group_Loan_Application_form.pdf"
                        ]
                    }
                ]
            },
            {
                "text": "Application for Deceased Claim ( With Nomination or joint account with survivor clause)",
                "content": [
                    {
                        "text": [
                            "https://ujjivansfb.in/pdf/Annexure_10_Claim_Form_for_settlement_of_claims_in_Deceased_Depositors_Account_(With_Nomination_OR_Survivorship_Clause).pdf"
                        ]
                    }
                ]
            },
            {
                "text": "Application for Deceased Claim ( Without nomination or joint account with survivor clause)",
                "content": [
                    {
                        "text": [
                            "https://ujjivansfb.in/pdf/Annexure_11_Claim_Form_for_settlement_of_claims_in_Deceased_Depositors_Account_(Without_Nomination_OR_Survivorship_Clause).pdf"
                        ]
                    }
                ]
            },
            {
                "text": "Customer Profile Form (Savings Account)",
                "content": [
                    {
                        "text": [
                            "https://ujjivansfb.in/pdf/CPF_Individual.pdf"
                        ]
                    }
                ]
            },
            {
                "text": "Customer Profile Form (Current Account)",
                "content": [
                    {
                        "text": [
                            "https://ujjivansfb.in/pdf/CPF_Non_individual_Curved.pdf"
                        ]
                    }
                ]
            },
            {
                "text": "Emergency Loan Application Form",
                "content": [
                    {
                        "text": [
                            "https://ujjivansfb.in/pdf/Emergency_LAF.PDF"
                        ]
                    }
                ]
            },
            {
                "text": "Group Loan Application Form",
                "content": [
                    {
                        "text": [
                            "https://ujjivansfb.in/pdf/Group_Loan_LAF.PDF"
                        ]
                    }
                ]
            },
            {
                "text": "Kisan Suvidha Loan : Application Form",
                "content": [
                    {
                        "text": [
                            "https://ujjivansfb.in/pdf/Loan_Application_form_KSL.PDF"
                        ]
                    }
                ]
            },
            {
                "text": "Home Loan Application Form",
                "content": [
                    {
                        "text": [
                            "https://ujjivansfb.in/pdf/home-loan-application-form.pdf"
                        ]
                    }
                ]
            },
            {
                "text": "Home Loans - Guarantor Form",
                "content": [
                    {
                        "text": [
                            "https://ujjivansfb.in/pdf/home-loan-guarantor-form.pdf"
                        ]
                    }
                ]
            },
            {
                "text": "Home Loans - Additional Co-Applicant",
                "content": [
                    {
                        "text": [
                            "https://ujjivansfb.in/pdf/home-loan-co-applicant-additional-form.pdf"
                        ]
                    }
                ]
            },
            {
                "text": "Individual Loan Application Form",
                "content": [
                    {
                        "text": [
                            "https://ujjivansfb.in/pdf/Ujjivan_IL_LAF.PDF"
                        ]
                    }
                ]
            },
            {
                "text": "NR Additional FD Application Form",
                "content": [
                    {
                        "text": [
                            "https://ujjivansfb.in/pdf/NR_Additional_FD_Application_Form.pdf"
                        ]
                    }
                ]
            },
            {
                "text": "Overdraft/Loan against Deposits Form",
                "content": [
                    {
                        "text": [
                            "https://ujjivansfb.in/pdf/OD_against_FD_Curved.pdf"
                        ]
                    }
                ]
            },
            {
                "text": "Personal Loan Application Form",
                "content": [
                    {
                        "text": [
                            "https://ujjivansfb.in/pdf/Personal_Loan_Customer_Profile_Form.pdf"
                        ]
                    }
                ]
            },
            {
                "text": "Vehicle loan application form",
                "content": [
                    {
                        "text": [
                            "https://ujjivansfb.in/pdf/New_Loan_Application_Form_Vehicle_Finance.pdf"
                        ]
                    }
                ]
            }
        ]
    }
}