{
    "url": "https://www.ujjivansfb.in/sampoorna-family-banking",
    "domain": "Personal",
    "class": "Products",
    "main_title": "Ujjivan Bank Sampoorna Family Banking",
    "subtitle": {
        "elements": [
            {
                "text": "SAMPOORNA Family Banking",
                "content": [
                    {
                        "text": [
                            "Ujjivan's Sampoorna Family Banking is a complete financial solution for your entire family with personalised products and services, it is aimed at catering to you and your family's needs at every stage of life."
                        ]
                    }
                ]
            },
            {
                "text": "Loans",
                "content": [
                    {
                        "text": [
                            "Group Loan",
                            "Individual Loan (unsecured)",
                            "Bazaar Loan",
                            "Livestock Loan",
                            "Home Improvement Loan",
                            "MSE Loan (secured)",
                            "Vehicle Loans",
                            "Affordable Housing Loan"
                        ]
                    }
                ]
            },
            {
                "text": "Savings Account",
                "content": [
                    {
                        "text": [
                            "Basic Savings Bank Deposit Account",
                            "Minor Savings Account",
                            "Regular Savings Account",
                            "Senior Citizen Savings Account"
                        ]
                    }
                ]
            },
            {
                "text": "Deposits",
                "content": [
                    {
                        "text": [
                            "Regular Recurring Deposit",
                            "Regular Fixed Deposit",
                            "Sampoorna Nidhi",
                            "Sampoorna Lakshya"
                        ]
                    }
                ]
            },
            {
                "text": "Insurance",
                "content": [
                    {
                        "text": [
                            "Hospi Cash",
                            "General Insurance"
                        ]
                    }
                ]
            }
        ]
    }
}