{
    "url": "https://www.ujjivansfb.in/terms-and-conditions",
    "domain": "Personal",
    "class": "Products",
    "main_title": "TERMS AND CONDITIONS",
    "subtitle": {
        "elements": [
            {
                "text": "Group Loan (TC GL)",
                "content": [
                    {
                        "text": [
                            "https://ujjivansfb.in/pdf/TC_GL_Products_04032020.pdf"
                        ]
                    }
                ]
            },
            {
                "text": "Individual Loans",
                "content": [
                    {
                        "text": [
                            "https://ujjivansfb.in/pdf/Terms_and_Conditions_IL.pdf"
                        ]
                    }
                ]
            },
            {
                "text": "Home Loan",
                "content": [
                    {
                        "text": [
                            "https://ujjivansfb.in/pdf/Home_Loan_MITC_Webhost.pdf"
                        ]
                    }
                ]
            },
            {
                "text": "Kisan Pragati Card MITC",
                "content": [
                    {
                        "text": [
                            "https://ujjivansfb.in/pdf/Kisan_Pragati_Card_MITC.pdf"
                        ]
                    }
                ]
            },
            {
                "text": "MSE Loan",
                "content": [
                    {
                        "text": [
                            "https://ujjivansfb.in/pdf/MSE_Loan_Terms_&_Conditions.pdf"
                        ]
                    }
                ]
            },
            {
                "text": "Sampoorna Nidhi",
                "content": [
                    {
                        "text": [
                            "https://ujjivansfb.in/pdf/Terms_and_Conditions_Sampoorna_Nidhi.pdf"
                        ]
                    }
                ]
            },
            {
                "text": "Sampoorna Lakshya",
                "content": [
                    {
                        "text": [
                            "https://ujjivansfb.in/pdf/Terms_and_Conditions_for_Sampoorna_Lakshya.pdf"
                        ]
                    }
                ]
            },
            {
                "text": "Digital Deposits and Savings",
                "content": [
                    {
                        "text": [
                            "https://ujjivansfb.in/pdf/Digital-FD-SA-Terms-and-Conditions.pdf"
                        ]
                    }
                ]
            },
            {
                "text": "Bill Payments",
                "content": [
                    {
                        "text": [
                            "https://ujjivansfb.in/pdf/Bill-Payment-Terms-and-conditions.pdf"
                        ]
                    }
                ]
            },
            {
                "text": "Current Account",
                "content": [
                    {
                        "text": [
                            "https://ujjivansfb.in/pdf/Terms_of_Current_Account.pdf"
                        ]
                    }
                ]
            },
            {
                "text": "Business Net Banking",
                "content": [
                    {
                        "text": [
                            "https://ujjivansfb.in/pdf/Business_Net_Banking_Terms_and_Conditions.pdf"
                        ]
                    }
                ]
            },
            {
                "text": "Personal Net Banking",
                "content": [
                    {
                        "text": [
                            "https://ujjivansfb.in/pdf/Personal_Net_Banking-Terms-and-Conditions.pdf"
                        ]
                    }
                ]
            },
            {
                "text": "Term Deposits",
                "content": [
                    {
                        "text": [
                            "https://ujjivansfb.in/pdf/Term_Deposits_Comprehensive_TC.PDF"
                        ]
                    }
                ]
            },
            {
                "text": "IMPS",
                "content": [
                    {
                        "text": [
                            "https://ujjivansfb.in/pdf/IMPS-T&C.pdf"
                        ]
                    }
                ]
            },
            {
                "text": "Mobile Banking",
                "content": [
                    {
                        "text": [
                            "https://ujjivansfb.in/pdf/mobile-banking-Terms-and-Conditions.pdf"
                        ]
                    }
                ]
            },
            {
                "text": "NEFT",
                "content": [
                    {
                        "text": [
                            "https://ujjivansfb.in/pdf/mobile-banking-Terms-and-Conditions.pdf"
                        ]
                    }
                ]
            },
            {
                "text": "Net Banking",
                "content": [
                    {
                        "text": [
                            "https://ujjivansfb.in/pdf/Net-Banking-Terms-and-Conditions.pdf"
                        ]
                    }
                ]
            },
            {
                "text": "Personal Loans",
                "content": [
                    {
                        "text": [
                            "https://ujjivansfb.in/pdf/personal_loan_terms.pdf"
                        ]
                    }
                ]
            },
            {
                "text": "RTGS",
                "content": [
                    {
                        "text": [
                            "https://ujjivansfb.in/pdf/RTGS-T&C.pdf"
                        ]
                    }
                ]
            },
            {
                "text": "Savings Account",
                "content": [
                    {
                        "text": [
                            "https://ujjivansfb.in/pdf/Savings_Account_Comprehensive_TC.PDF"
                        ]
                    }
                ]
            },
            {
                "text": "Unified Payment Interface ( UPI)",
                "content": [
                    {
                        "text": [
                            "https://ujjivansfb.in/pdf/Final_Terms_Condition_UPI.PDF"
                        ]
                    }
                ]
            },
            {
                "text": "Non Resident Accounts",
                "content": [
                    {
                        "text": [
                            "https://ujjivansfb.in/pdf/NR_T_and_C.pdf"
                        ]
                    }
                ]
            }
        ]
    }
}