{
    "url": "https://www.ujjivansfb.in/life-events-based-banking-services",
    "domain": "Personal",
    "class": "Products",
    "main_title": "LIFE EVENTS BASED BANKING SERVICES",
    "subtitle": {
        "elements": [
            {
                "text": "Ujjivan Bank also assists during other crucial events",
                "content": [
                    {
                        "text": ""
                    }
                ]
            },
            {
                "text": "Marriage",
                "content": [
                    {
                        "text": [
                            "Open a Joint Account for hassle free transactions",
                            "Add your spouse as the Nominee to your accounts"
                        ]
                    }
                ]
            },
            {
                "text": "Birth",
                "content": [
                    {
                        "text": [
                            "Open a Minor Account and provide financial security",
                            "Easy conversion of Minor Account to regular Account"
                        ]
                    }
                ]
            },
            {
                "text": "Migration",
                "content": [
                    {
                        "text": [
                            "Facility of Anywhere Banking, no additional charges at any Ujjivan Bank Branch",
                            "Easy transfer of account in times of need"
                        ]
                    }
                ]
            },
            {
                "text": "Life Events Based Banking Services is a program designed to add value to the lives of our beloved elders.",
                "content": [
                    {
                        "text": [
                            "Single point of contact for all the Life Events Based Banking Services",
                            "Hassle-free process with minimum paperwork",
                            "Guidance in handling banking transactions during major _life events",
                            "A helping hand when you might need it the most"
                        ]
                    }
                ]
            }
        ]
    }
}