{
    "url": "https://www.ujjivansfb.in/mean-interest-rate-for-loan-product",
    "domain": "Interest Rate",
    "class": "Products",
    "main_title": " MEAN INTEREST RATE FOR LOAN PRODUCT",
    "subtitle": {
        "elements": [
            {
                "text": " Interest Rate Range of Contracted Loans for the past quarter to Individual Borrowers",
                "content": [
                    {
                        "text": [
                            " Overdraft against Property :: Name of Scheme / Product :: Minimum (%) : 14%",
                            " Overdraft against Property :: Name of Scheme / Product :: Maximum (%) : 17%",
                            " Overdraft against Property :: Name of Scheme / Product :: Mean Rate (%) : 15.50%",
                            " Business Edge Term Loan :: Name of Scheme / Product :: Minimum (%) : 13%",
                            " Business Edge Term Loan :: Name of Scheme / Product :: Maximum (%) : 15%",
                            " Business Edge Term Loan :: Name of Scheme / Product :: Mean Rate (%) : 14%",
                            " Business Edge OD :: Name of Scheme / Product :: Minimum (%) : 12%",
                            " Business Edge OD :: Name of Scheme / Product :: Maximum (%) : 14%",
                            " Business Edge OD :: Name of Scheme / Product :: Mean Rate (%) : 13%",
                            " Agri Group Loan :: Name of Scheme / Product :: Minimum (%) : 22%",
                            " Agri Group Loan :: Name of Scheme / Product :: Maximum (%) : 22%",
                            " Agri Group Loan :: Name of Scheme / Product :: Mean Rate (%) : 22%",
                            " Group Loans :: Name of Scheme / Product :: Minimum (%) : 21.25%",
                            " Group Loans :: Name of Scheme / Product :: Maximum (%) : 22%",
                            " Group Loans :: Name of Scheme / Product :: Mean Rate (%) : 21.625%",
                            " Home Construction/Purchase Loans :: Name of Scheme / Product :: Minimum (%) : 10.75%",
                            " Home Construction/Purchase Loans :: Name of Scheme / Product :: Maximum (%) : 15.75%",
                            " Home Construction/Purchase Loans :: Name of Scheme / Product :: Mean Rate (%) : 13.25%",
                            " Home Improvement Loans :: Name of Scheme / Product :: Minimum (%) : 13.75%",
                            " Home Improvement Loans :: Name of Scheme / Product :: Maximum (%) : 15.75%",
                            " Home Improvement Loans :: Name of Scheme / Product :: Mean Rate (%) : 14.75%",
                            " Home Equity Loans :: Name of Scheme / Product :: Minimum (%) : 15.75%",
                            " Home Equity Loans :: Name of Scheme / Product :: Maximum (%) : 17.75%",
                            " Home Equity Loans :: Name of Scheme / Product :: Mean Rate (%) : 16.75%",
                            " Individual Loans (other than IBZL & OMHIL) :: Name of Scheme / Product :: Minimum (%) : 23.25%",
                            " Individual Loans (other than IBZL & OMHIL) :: Name of Scheme / Product :: Maximum (%) : 23.25%",
                            " Individual Loans (other than IBZL & OMHIL) :: Name of Scheme / Product :: Mean Rate (%) : 23.25%",
                            " Individual Bazaar Loans (IBZL) & Open Market Home Improvement Loans (OMHIL :: Name of Scheme / Product :: Minimum (%) : 24.00%",
                            " Individual Bazaar Loans (IBZL) & Open Market Home Improvement Loans (OMHIL :: Name of Scheme / Product :: Maximum (%) : 24.00%",
                            " Individual Bazaar Loans (IBZL) & Open Market Home Improvement Loans (OMHIL :: Name of Scheme / Product :: Mean Rate (%) : 24.00%",
                            " Kisan Suvidha Loan :: Name of Scheme / Product :: Minimum (%) : 23.25%",
                            " Kisan Suvidha Loan :: Name of Scheme / Product :: Maximum (%) : 23.25%",
                            " Kisan Suvidha Loan :: Name of Scheme / Product :: Mean Rate (%) : 23.25%",
                            " Loan Against Property - SENP - SEP :: Name of Scheme / Product :: Minimum (%) : 17.00%",
                            " Loan Against Property - SENP - SEP :: Name of Scheme / Product :: Maximum (%) : 19.00%",
                            " Loan Against Property - SENP - SEP :: Name of Scheme / Product :: Mean Rate (%) : 18.00%",
                            " Personal Loans :: Name of Scheme / Product :: Minimum (%) : 16.49%",
                            " Personal Loans :: Name of Scheme / Product :: Maximum (%) : 23.99%",
                            " Personal Loans :: Name of Scheme / Product :: Mean Rate (%) : 20.24%",
                            " Secured Enterprise Loan :: Name of Scheme / Product :: Minimum (%) : 14.00%",
                            " Secured Enterprise Loan :: Name of Scheme / Product :: Maximum (%) : 17.00%",
                            " Secured Enterprise Loan :: Name of Scheme / Product :: Mean Rate (%) : 15.50%",
                            " Two-Wheeler Loan * :: Name of Scheme / Product :: Minimum (%) : 20.25%",
                            " Two-Wheeler Loan * :: Name of Scheme / Product :: Maximum (%) : 21.25%",
                            " Two-Wheeler Loan * :: Name of Scheme / Product :: Mean Rate (%) : 20.57%"
                        ]
                    }
                ]
            }
        ]
    }
}