{
    "documents": [
        {
            "url": "https://www.ujjivansfb.in/mean-interest-rate-for-loan-product",
            "domain": "Interest Rate",
            "class": "Products",
            "main_title": " MEAN INTEREST RATE FOR LOAN PRODUCT",
            "subtitle": {
                "elements": [
                    {
                        "text": " Interest Rate Range of Contracted Loans for the past quarter to Individual Borrowers",
                        "content": [
                            {
                                "text": [
                                    " Overdraft against Property :: Name of Scheme / Product :: Minimum (%) : 14%",
                                    " Overdraft against Property :: Name of Scheme / Product :: Maximum (%) : 17%",
                                    " Overdraft against Property :: Name of Scheme / Product :: Mean Rate (%) : 15.50%",
                                    " Business Edge Term Loan :: Name of Scheme / Product :: Minimum (%) : 13%",
                                    " Business Edge Term Loan :: Name of Scheme / Product :: Maximum (%) : 15%",
                                    " Business Edge Term Loan :: Name of Scheme / Product :: Mean Rate (%) : 14%",
                                    " Business Edge OD :: Name of Scheme / Product :: Minimum (%) : 12%",
                                    " Business Edge OD :: Name of Scheme / Product :: Maximum (%) : 14%",
                                    " Business Edge OD :: Name of Scheme / Product :: Mean Rate (%) : 13%",
                                    " Agri Group Loan :: Name of Scheme / Product :: Minimum (%) : 22%",
                                    " Agri Group Loan :: Name of Scheme / Product :: Maximum (%) : 22%",
                                    " Agri Group Loan :: Name of Scheme / Product :: Mean Rate (%) : 22%",
                                    " Group Loans :: Name of Scheme / Product :: Minimum (%) : 21.25%",
                                    " Group Loans :: Name of Scheme / Product :: Maximum (%) : 22%",
                                    " Group Loans :: Name of Scheme / Product :: Mean Rate (%) : 21.625%",
                                    " Home Construction/Purchase Loans :: Name of Scheme / Product :: Minimum (%) : 10.75%",
                                    " Home Construction/Purchase Loans :: Name of Scheme / Product :: Maximum (%) : 15.75%",
                                    " Home Construction/Purchase Loans :: Name of Scheme / Product :: Mean Rate (%) : 13.25%",
                                    " Home Improvement Loans :: Name of Scheme / Product :: Minimum (%) : 13.75%",
                                    " Home Improvement Loans :: Name of Scheme / Product :: Maximum (%) : 15.75%",
                                    " Home Improvement Loans :: Name of Scheme / Product :: Mean Rate (%) : 14.75%",
                                    " Home Equity Loans :: Name of Scheme / Product :: Minimum (%) : 15.75%",
                                    " Home Equity Loans :: Name of Scheme / Product :: Maximum (%) : 17.75%",
                                    " Home Equity Loans :: Name of Scheme / Product :: Mean Rate (%) : 16.75%",
                                    " Individual Loans (other than IBZL & OMHIL) :: Name of Scheme / Product :: Minimum (%) : 23.25%",
                                    " Individual Loans (other than IBZL & OMHIL) :: Name of Scheme / Product :: Maximum (%) : 23.25%",
                                    " Individual Loans (other than IBZL & OMHIL) :: Name of Scheme / Product :: Mean Rate (%) : 23.25%",
                                    " Individual Bazaar Loans (IBZL) & Open Market Home Improvement Loans (OMHIL :: Name of Scheme / Product :: Minimum (%) : 24.00%",
                                    " Individual Bazaar Loans (IBZL) & Open Market Home Improvement Loans (OMHIL :: Name of Scheme / Product :: Maximum (%) : 24.00%",
                                    " Individual Bazaar Loans (IBZL) & Open Market Home Improvement Loans (OMHIL :: Name of Scheme / Product :: Mean Rate (%) : 24.00%",
                                    " Kisan Suvidha Loan :: Name of Scheme / Product :: Minimum (%) : 23.25%",
                                    " Kisan Suvidha Loan :: Name of Scheme / Product :: Maximum (%) : 23.25%",
                                    " Kisan Suvidha Loan :: Name of Scheme / Product :: Mean Rate (%) : 23.25%",
                                    " Loan Against Property - SENP - SEP :: Name of Scheme / Product :: Minimum (%) : 17.00%",
                                    " Loan Against Property - SENP - SEP :: Name of Scheme / Product :: Maximum (%) : 19.00%",
                                    " Loan Against Property - SENP - SEP :: Name of Scheme / Product :: Mean Rate (%) : 18.00%",
                                    " Personal Loans :: Name of Scheme / Product :: Minimum (%) : 16.49%",
                                    " Personal Loans :: Name of Scheme / Product :: Maximum (%) : 23.99%",
                                    " Personal Loans :: Name of Scheme / Product :: Mean Rate (%) : 20.24%",
                                    " Secured Enterprise Loan :: Name of Scheme / Product :: Minimum (%) : 14.00%",
                                    " Secured Enterprise Loan :: Name of Scheme / Product :: Maximum (%) : 17.00%",
                                    " Secured Enterprise Loan :: Name of Scheme / Product :: Mean Rate (%) : 15.50%",
                                    " Two-Wheeler Loan * :: Name of Scheme / Product :: Minimum (%) : 20.25%",
                                    " Two-Wheeler Loan * :: Name of Scheme / Product :: Maximum (%) : 21.25%",
                                    " Two-Wheeler Loan * :: Name of Scheme / Product :: Mean Rate (%) : 20.57%"
                                ]
                            },
                            {
                                "text": []
                            }
                        ]
                    }
                ]
            }
        },
        {
            "url": "https://www.ujjivansfb.in/support-interst-rates",
            "domain": "Corporate",
            "class": "Products",
            "main_title": " FD INTEREST RATES",
            "subtitle": {
                "elements": [
                    {
                        "text": " Interest Rates for Domestic & NRO* Deposits",
                        "content": [
                            {
                                "text": [
                                    " 7 Days to 29 Days :: TENURE :: Interest Rate (pa) (Under Rs. 2 Crores) : 5.50%",
                                    " 30 Days to 89 Days :: TENURE :: Interest Rate (pa) (Under Rs. 2 Crores) : 6.10%",
                                    " 90 Days to 179 Days :: TENURE :: Interest Rate (pa) (Under Rs. 2 Crores) : 6.60%",
                                    " 180 Days to 364 Days :: TENURE :: Interest Rate (pa) (Under Rs. 2 Crores) : 7.00%",
                                    " 1 Year to 2 Years :: TENURE :: Interest Rate (pa) (Under Rs. 2 Crores) : 8.00%",
                                    " 2 Years and 1 Day to 734 Days :: TENURE :: Interest Rate (pa) (Under Rs. 2 Crores) : 7.50%",
                                    " 735 Days :: TENURE :: Interest Rate (pa) (Under Rs. 2 Crores) : 8.00%",
                                    " 736 Days to 798 Days :: TENURE :: Interest Rate (pa) (Under Rs. 2 Crores) : 7.50%",
                                    " 799 Days :: TENURE :: Interest Rate (pa) (Under Rs. 2 Crores) : 8.10%",
                                    " 800 Days to 3 Years :: TENURE :: Interest Rate (pa) (Under Rs. 2 Crores) : 7.50%",
                                    " 3 Years and 1 Day to 5 Years :: TENURE :: Interest Rate (pa) (Under Rs. 2 Crores) : 7.00%",
                                    " 5 Years and 1 Day to 10 Years :: TENURE :: Interest Rate (pa) (Under Rs. 2 Crores) : 6.50%",
                                    " Additional Interest Rate for Senior Citizens :: TENURE :: Interest Rate (pa) (Under Rs. 2 Crores) : 0.50%"
                                ]
                            },
                            {
                                "text": []
                            }
                        ]
                    },
                    {
                        "text": " Interest Rates for Resident Recurring Deposits",
                        "content": [
                            {
                                "text": [
                                    " 6 months to 9 months :: TENURE :: Interest Rate (pa) (Under Rs. 2 Crores) : 7.00%",
                                    " 12months to 24 months :: TENURE :: Interest Rate (pa) (Under Rs. 2 Crores) : 8.00%",
                                    " 27 months to 36 months :: TENURE :: Interest Rate (pa) (Under Rs. 2 Crores) : 7.50%",
                                    " 39 months to 60 months :: TENURE :: Interest Rate (pa) (Under Rs. 2 Crores) : 7.00%",
                                    " 63 months to 120 months :: TENURE :: Interest Rate (pa) (Under Rs. 2 Crores) : 6.50%",
                                    " Additional Interest Rate for Senior Citizens :: TENURE :: Interest Rate (pa) (Under Rs. 2 Crores) : 0.50%"
                                ]
                            },
                            {
                                "text": []
                            }
                        ]
                    },
                    {
                        "text": " Interest Rates for NRE*# Deposits",
                        "content": [
                            {
                                "text": [
                                    " 1 Year to 2 Years :: Term Deposits :: Interest Rate (pa) (Under Rs. 2 Crore) : 8.00%",
                                    " 2 Years and 1 Day to 734 Days :: Term Deposits :: Interest Rate (pa) (Under Rs. 2 Crore) : 7.50%",
                                    " 735 Days :: Term Deposits :: Interest Rate (pa) (Under Rs. 2 Crore) : 8.00%",
                                    " 736 Days to 798 Days :: Term Deposits :: Interest Rate (pa) (Under Rs. 2 Crore) : 7.50%",
                                    " 799 Days :: Term Deposits :: Interest Rate (pa) (Under Rs. 2 Crore) : 8.10%",
                                    " 800 Days to 3 Years :: Term Deposits :: Interest Rate (pa) (Under Rs. 2 Crore) : 7.50%",
                                    " 3 Years and 1 Day to 5 Years :: Term Deposits :: Interest Rate (pa) (Under Rs. 2 Crore) : 7.00%",
                                    " 5 Years and 1 Day to 10 Years :: Term Deposits :: Interest Rate (pa) (Under Rs. 2 Crore) : 6.50%"
                                ]
                            },
                            {
                                "text": [
                                    " * Please Note: No Additional Interest Rate for Senior Citizens",
                                    " # 1. Minimum Tenure for NRE Deposit is 1 year",
                                    " # 2. In case of pre-closure within 1 year no interest shall be paid and no penalty would be levied",
                                    " # 3. In case of part withdrawal within 1 year no interest shall be paid on the amount partially withdrawn and no penalty would be levied"
                                ]
                            }
                        ]
                    },
                    {
                        "text": " Interest Rates for Savings Account",
                        "content": [
                            {
                                "text": [
                                    " Up to 5 lakhs :: Amount :: Interest Rate (pa) : 4%",
                                    " > 5 lakhs to 50 lakhs :: Amount :: Interest Rate (pa) : 5.50%",
                                    " > 50 lakhs to 5 crores :: Amount :: Interest Rate (pa) : 6.75%",
                                    " > 5 crores :: Amount :: Interest Rate (pa) : 7%"
                                ]
                            },
                            {
                                "text": [
                                    " * Important Points: No Additional Interest Rate for Senior Citizens",
                                    " # 1. Revised rates are applicable to deposits below Rs. 2 Crore only.",
                                    " # 2. The Bonafide staff/employees of Ujjivan Small Finance Bank Limited are eligible for an additional rate of 1% over and above the rates mentioned.",
                                    " # 3. Staff will not be eligible for Senior Citizen rates."
                                ]
                            }
                        ]
                    }
                ]
            }
        }
    ]
}