{
    "url": "https://www.ujjivansfb.in/business-mse-loans",
    "domain": "Business",
    "class": "Products",
    "main_title": " MSE LOANS",
    "subtitle": {
        "elements": [
            {
                "text": " Loan Against Property",
                "content": [
                    {
                        "text": [
                            " Loan Amount Range(in Lakhs): `3.00 - `10.00",
                            " Tenure Range(In months): 36 - 84 (subject to periodical review)",
                            " Rate of Interest(ROI): 17 - 19% p.a. reducing"
                        ]
                    }
                ]
            },
            {
                "text": " Secure Business Loan",
                "content": [
                    {
                        "text": [
                            " Loan Amount Range(in Lakhs): `10.01 - `25.00",
                            " Tenure Range(In months): 36 - 120 (subject to periodical review)",
                            " Rate of Interest(ROI): 17 - 19% p.a. reducing"
                        ]
                    }
                ]
            },
            {
                "text": " Secure Enterprise Loan",
                "content": [
                    {
                        "text": [
                            " Loan Amount Range(in Lakhs): `10.01 - `50.00",
                            " Tenure Range(In months): 36 - 120 (subject to periodical review)",
                            " Rate of Interest(ROI): 14 - 17% p.a. reducing"
                        ]
                    }
                ]
            },
            {
                "text": " Overdraft Against Property",
                "content": [
                    {
                        "text": [
                            " Loan Amount Range(in Lakhs): `11.00 - `50.00",
                            " Tenure Range(In months): 12 (subject to periodical review)",
                            " Rate of Interest(ROI): 14 - 17% p.a."
                        ]
                    }
                ]
            },
            {
                "text": " Business Edge Term Loan",
                "content": [
                    {
                        "text": [
                            " Loan Amount Range(in Lakhs): `25.00 - `200.00",
                            " Tenure Range(In months): 36 - 120 (subject to periodical review)",
                            " Rate of Interest(ROI): 13 - 15% p.a. reducing"
                        ]
                    }
                ]
            },
            {
                "text": " Business Edge Overdraft",
                "content": [
                    {
                        "text": [
                            " Loan Amount Range(in Lakhs): `25.00 - `200.00",
                            " Tenure Range(In months): 12 (subject to periodical review)",
                            " Rate of Interest(ROI): 12 - 14% p.a."
                        ]
                    }
                ]
            },
            {
                "text": " Fees and Charges Applicable*",
                "content": [
                    {
                        "text": [
                            " Documentation Charges: Up to `10,000/- + GST.",
                            " Processing Fees (% to the Limit): Up to 2.5% + GST.",
                            " Stamp Duty on Loan Documents and Security Document: Actuals (as per statutory provisions prevailing in the concerned State in which the loan/security documents are executed).",
                            " Life Insurance Premium for Borrower (If opted by the Borrower Voluntarily): As per the guidelines of the Insurer.",
                            " CERSAI Charges (INR): `50+ GST up to `5 Lakhs Loan Amount & `100+ GST for any Loan amount greater than `5 Lakhs.",
                            " Additionally, other Charges, Fees, Prepayment Penalty, Pre-closure Charges, Penal Interest ect. as per the conditions in the Sanction Letter to be issued by USFB shall also be applicable."
                        ]
                    }
                ]
            }
        ]
    }
}