{
    "url": "https://www.ujjivansfb.in/corporate-current-account#tasc-account",
    "domain": "Corporate",
    "class": "Products",
    "main_title": " CURRENT ACCOUNT",
    "subtitle": {
        "elements": [
            {
                "text": " Benefits of Ujjivan Current Account:",
                "content": [
                    {
                        "text": [
                            " Free cash deposits across all Ujjivan Small Finance Bank branches up to 20 times of Monthly Average Balance (MAB) or `5 lakhs, whichever is higher.",
                            " Enjoy Cash & Cheque pickup facility at your Doorstep ( Offered in selected cities through third party tie-ups).",
                            " No additional charges for non-home branch transactions - Every branch is home branch.!",
                            " Unlimited free ATM transactions at all Ujjivan Small Finance Bank ATMs.",
                            " Financial transactions through Branch, ATM, Net banking and Mobile banking.",
                            " Point of Sales Solutions (POS) - Stand-alone POS terminals / Wireless POS Terminals GP terminals (Offered through third party tie ups).",
                            " Enjoy the facilities of SMS banking and Missed call banking along with 24/7 support from toll free phone banking center.",
                            " Remittance facilities - NEFT/RTGS/IMPS."
                        ]
                    }
                ]
            },
            {
                "text": " Features:",
                "content": [
                    {
                        "text": [
                            " No Average Monthly Balance criteria.",
                            " No initial deposit for account opening.",
                            " Passbook facility On request free.",
                            " Monthly e-statement (on request).",
                            " Monthly Physical statement on request, free (not provided if opted for e-statement).",
                            " 2 cheque books ( 50 leaves) Free per month.",
                            " Free cash deposit facility at branch up to 15 times the monthly average balance maintained in the previous month.",
                            " 100 free Electronic Fund Transfers."
                        ]
                    }
                ]
            },
            {
                "text": " Services Offered:",
                "content": [
                    {
                        "text": [
                            " Standing instructions facility.",
                            " Number and amount of withdrawals at branch (monthly) Unlimited.",
                            " SMS alert facility."
                        ]
                    }
                ]
            }        ]
    }
}