{
    "url": "https://www.ujjivansfb.in/corporate-salary-account",
    "domain": "Corporate",
    "class": "Products",
    "main_title": " CORPORATE SALARY ACCOUNT",
    "subtitle": {
        "elements": [
            {
                "text": " Features:",
                "content": [
                    {
                        "text": [
                            " Flexible to use: No charges on non-maintenance of minimum balance.",
                            " Money transfer made easy: 24*7 Free IMPS facility through Ujjivan IB/MB application.",
                            " Lifetime free Debit Card with enhanced limits.",
                            " 25 Cheque leaves at the time of account opening."
                        ]
                    }
                ]
            },
            {
                "text": " Your Welcome Kit includes:",
                "content": [
                    {
                        "text": [
                            " Rupay Classic Debit Card",
                            " Debit Card PIN",
                            " Cheque Leaves"
                        ]
                    }
                ]
            },
            {
                "text": " Transaction facilities:",
                "content": [
                    {
                        "text": [
                            " Free SMS alert facility to registered mobile number.",
                            " Remittance offered: NEFT, RTGS and IMPS."
                        ]
                    }
                ]
            },
            {
                "text": " ATM transaction limits:",
                "content": [
                    {
                        "text": [
                            " Unlimited transactions at Ujjivan Small Finance Bank ATMs.",
                            " 6 free transactions per month at other bank ATMs."
                        ]
                    }
                ]
            },
            {
                "text": " Rate of Interest:",
                "content": [
                    {
                        "text": [
                            " For interest rate, click here",
                            " Interest calculation on daily end of day balances.",
                            " Interest credited quarterly."
                        ]
                    }
                ]
            },
            {
                "text": " Channel Access:",
                "content": [
                    {
                        "text": [
                            " Access to your account across all Ujjivan SFB branches.",
                            " 24*7 access to your account through Ujjivan helpline - 1800-208-2121.",
                            " User friendly Ujjivan Internet & Mobile Banking platforms."
                        ]
                    }
                ]
            }
        ]
    }
}