{
    "url": "https://www.ujjivansfb.in/locate-us-branches",
    "domain": "Home",
    "class": "Support",
    "main_title": "Branches",
    "subtitle": {
        "elements": [
            {
                "text": "Branches",
                "content": [
                    {
                        "text": [
                            "https://www.ujjivansfb.in/locate-us-branches"
                        ]
                    }
                ]
            }
        ]
    }
}