{
    "url": "https://www.ujjivansfb.in/locate-us-cash-deposit-machines",
    "domain": "Home",
    "class": "Support",
    "main_title": "Cash Deposit Machines",
    "subtitle": {
        "elements": [
            {
                "text": "CASH DEPOSIT MACHINES",
                "content": [
                    {
                        "text": [
                            "https://www.ujjivansfb.in/locate-us-cash-deposit-machines"
                        ]
                    }
                ]
            }
        ]
    }
}