{
    "url": "https://www.ujjivansfb.in",
    "domain": "Home",
    "class": "Investor Relations",
    "main_title": "Board Committee",
    "subtitle": {
        "elements": [
            {
                "text": "Board Committees Composition",
                "content": [
                    {
                        "text": [
                            "https://ujjivansfb.in/assets/web_pdfs/8/original/Board_Committees_Composition.pdf"
                        ]
                    }
                ]
            }
        ]
    }
}