{
    "url": "https://www.ujjivansfb.in/corporate-governance-policies",
    "domain": "Details",
    "class": "Investor Relations",
    "main_title": "Corporate Governance Policies",
    "subtitle": {
        "elements": [
            {
                "text": "Policy on Determination of Materiality of Event and Information",
                "content": [
                    {
                        "text":[                           "https://ujjivansfb.in/pdf/Policy_on_Determination_of_Materiality_of_Event_and_Information.pdf"
                        ]
                    }
                ]
            },
            {
                "text": "Code Of Conduct for Insider Trading",
                "content": [
                    {
                        "text":[ "https://ujjivansfb.in/pdf/code_of_conduct_for_insider_trading_code.pdf"
                        ]
                    }
                ]
            },
            {
                "text": "CSR Policy",
                "content": [
                    {
                        "text":[
                           "https://ujjivansfb.in/pdf/csr_policy.pdf"
                        ]
                    }
                ]
            },
            {
                "text": "Dividend Distribution Policy",
                "content": [
                    {
                        "text":[
                                "https://ujjivansfb.in/pdf/dividend_distribution_policy.pdf"
                        ]
                    }
                ]
            },
            {
                "text": "Familiarisation Programme",
                "content": [
                    {
                        "text":[
                                "https://ujjivansfb.in/pdf/familiarisation_programme.pdf"
                        ]
                    }
                ]
            },
            {
                "text": "Nomination And Remuneration Policy",
                "content": [
                    {
                        "text": [
                                 "https://ujjivansfb.in/pdf/nomination_remuneration_policy.pdf"
                        ]
                    }
                ]
            },
            {
                "text": "Policy On Archival Of Documents",
                "content": [
                    {
                        "text":[
                                "https://ujjivansfb.in/pdf/policy_on_archival_of_documents.pdf"
                        ]
                    }
                ]
            },
            {
                "text": "Policy On Board Diversity",
                "content": [
                    {
                        "text":[
                                "https://ujjivansfb.in/pdf/policy_on_boar_diversity.pdf"
                        ]
                    }
                ]
            },
            {
                "text": "Policy On Code Of Conduct",
                "content": [
                    {
                        "text": [
                                 "https://ujjivansfb.in/pdf/policy_on_code_of_conduct.pdf"
                        ]
                    }
                ]
            },
            {
                "text": "Record Retention Policy",
                "content": [
                    {
                        "text":[ 
                                "https://ujjivansfb.in/pdf/record_retention_policy.pdf"
                        ]
                    }
                ]
            },
            {
                "text": "Related Party Transactions Policy",
                "content": [
                    {
                        "text":[ 
                                "https://ujjivansfb.in/pdf/related_party_transections_policy.pdf"
                        ]
                    }
                ]
            },
            {
                "text": "Whistle Blower Policy",
                "content": [
                    {
                        "text": [
                                  "https://ujjivansfb.in/pdf/wistle_blower_policy.pdf"
                        ]
                    }
                ]
            },
            {
                "text": "Terms and Conditions of Appointment of Independent Directors",
                "content": [
                    {
                        "text":[ "https://ujjivansfb.in/pdf/USFB_Terms_&_Conditions_of_Independent_Directors.pdf"
                        ]
                    }
                ]
            }
        ]
    }
}