{
    "url": "https://www.ujjivansfb.in/disclosures-stock-exchanges-fy-19-20",
    "domain": "Home",
    "class": "DISCLOSURES TO STOCK EXCHANGES FY 2019-20",
    "main_title": "Letter to Stock Exchanges",
    "subtitle": {
        "elements": [
            {
                "text": "Intimation of Closure of Trading Window March 26, 2020",
                "content": [
                    {
                        "text": [
                            "https://ujjivansfb.in/https://ujjivansfb.in/assets/web_pdfs/7/original/Intimation_of_Closure_of_Trading_Window_March_26_2020.pdf"
                        ]
                    }
                ]
            },
            {
                "text": "Intimation of Investor call March 25, 2020",
                "content": [
                    {
                        "text": [
                            "https://ujjivansfb.in/https://ujjivansfb.in/assets/web_pdfs/6/original/Intimation_of_Investor_call_March_25_2020.pdf"
                        ]
                    }
                ]
            },
            {
                "text": "Intimation of Resignation of Mr. Luis Miranda- March 23, 2020",
                "content": [
                    {
                        "text": [
                            "https://ujjivansfb.in/https://ujjivansfb.in/assets/web_pdfs/4/original/Intimation_of_Resignation_of_Mr._Luis_Miranda-_March_23_2020.pdf"
                        ]
                    }
                ]
            },
            {
                "text": "Intimation of Appointment of Mr. Umang Bedi- March 23, 2020",
                "content": [
                    {
                        "text": [
                            "https://ujjivansfb.in/https://ujjivansfb.in/assets/web_pdfs/3/original/Intimation_of_Appointment_of_Mr._Umang_Bedi-_March_23_2020.pdf"
                        ]
                    }
                ]
            },
            {
                "text": "Intimation of Credit Rating March 02, 2020",
                "content": [
                    {
                        "text": [
                            "https://ujjivansfb.in/pdf/Intimation_of_Credit_Rating_March_02_2020.pdf"
                        ]
                    }
                ]
            },
            {
                "text": "Amendment in CIN- February 13, 2020",
                "content": [
                    {
                        "text": [
                            "https://ujjivansfb.in/pdf/Amendment_in_CIN_Feb_13_2020_upload.pdf"
                        ]
                    }
                ]
            },
            {
                "text": "Statement of Utilisation of fund- February 4, 2020",
                "content": [
                    {
                        "text": [
                            "https://ujjivansfb.in/pdf/Statement_of_Utilisation_of_fund_Feb_4_2020.pdf"
                        ]
                    }
                ]
            },
            {
                "text": "Intimation of Resignation by Director- January 28, 2020",
                "content": [
                    {
                        "text": [
                            "https://ujjivansfb.in/pdf/Intimation_of_Resignation_by_Director_January_28_2020.pdf"
                        ]
                    }
                ]
            },
            {
                "text": "Intimation of Newspaper Publication of Statment of Deviation January 22, 2020",
                "content": [
                    {
                        "text": [
                            "https://ujjivansfb.in/pdf/Intimation_of_Newspaper_Publication_of_Statment_of_Deviation_January_22_2020.pdf"
                        ]
                    }
                ]
            },
            {
                "text": "Intimation of Newspaper Publication of Financials Results for quarter ended December 31, 2019- January 22, 2020",
                "content": [
                    {
                        "text": [
                            "https://ujjivansfb.in/pdf/Intimation_of_Newspaper_Publication_of_Financials_Results_for_quarter_ended_December_31_2019_January_22_2020.pdf"
                        ]
                    }
                ]
            },
            {
                "text": "Intimation of Retirement of Chairman- January 22, 2020",
                "content": [
                    {
                        "text": [
                            "https://ujjivansfb.in/pdf/Intimation_of_Retirement_of_Chairman_January_22_2020.pdf"
                        ]
                    }
                ]
            },
            {
                "text": "Intimation of Statment of Deviation for quarter ended December 31, 2019- January 22, 2020",
                "content": [
                    {
                        "text": [
                            "https://ujjivansfb.in/pdf/Intimation_of_Statment_of_Deviation_for_quarter_ended_December_31_2019_January_22_2020.pdf"
                        ]
                    }
                ]
            },
            {
                "text": "Certificate under Reg 74(5) of SEBI (D&P) Reg, 2018-Jan 14, 2020",
                "content": [
                    {
                        "text": [
                            "https://ujjivansfb.in/pdf/Certificate_under_Reg_74_5_of_SEBI_D&P_Reg_2018_jan_14_2020.pdf"
                        ]
                    }
                ]
            },
            {
                "text": "Newspaper Publication Intimation-Jan 14, 2020",
                "content": [
                    {
                        "text": [
                            "https://ujjivansfb.in/pdf/Newspaper_Publication_Intimation_Jan_14_2020.pdf"
                        ]
                    }
                ]
            },
            {
                "text": "Intimation of Investor call March 25, 2020",
                "content": [
                    {
                        "text": [
                            "https://ujjivansfb.in/https://ujjivansfb.in/assets/web_pdfs/6/original/Intimation_of_Investor_call_March_25_2020.pdf"
                        ]
                    }
                ]
            },
            {
                "text": "Board Meeting date intimation-January 13, 2020",
                "content": [
                    {
                        "text": [
                            "https://ujjivansfb.in/pdf/Board_Meeting_date_intimation_Jan_13_2020.pdf"
                        ]
                    }
                ]
            },
            {
                "text": "Closure of Trading Window for quarter ended December 31, 2019 - December 26, 2019",
                "content": [
                    {
                        "text": [
                            "https://ujjivansfb.in/pdf/Closure_of_Trading_Window_for_Quarter_ended_Dec_31_2019.pdf"
                        ]
                    }
                ]
            },
            {
                "text": "Disclosure under Regulation 30(5) of SEBI (LODR) Regulations, 2015 - December 18, 2019",
                "content": [
                    {
                        "text": [
                            "https://ujjivansfb.in/pdf/Disclosure_under_Regulation_30_35_of_SEBI_Listing_Regulations_2015.pdf"
                        ]
                    }
                ]
            },
            {
                "text": "Disclosure of Code of Conduct under SEBI (PIT) Regulations, 2015 - December 16, 2019",
                "content": [
                    {
                        "text": [
                            "https://ujjivansfb.in/pdf/Disclosure_of_Code_of_Conduct_under_SEBI_PTI_Regulations_2015.pdf"
                        ]
                    }
                ]
            }
        ]
    }
}