{
    "url": "https://www.ujjivansfb.in/financial-results",
    "domain": "Home",
    "class": "Investor Relations",
    "main_title": "Financial Results",
    "subtitle": {
        "elements": [
            {
                "text": "Financial Results FY 2019-20",
                "content": [
                    {
                        "text": "",
                        "table": [
                            {
                                "key": "Years",
                                "value": [
                                    "2019 - 20"
                                ]
                            },
                            {
                                "key": "Particulars",
                                "value": [
                                    "Financials Results"
                                ]
                            },
                            {
                                "key": "Q1",
                                "value": [
                                    "---"
                                ]
                            },
                            {
                                "key": "Q2",
                                "value": [
                                    "---"
                                ]
                            },
                            {
                                "key": "Q3",
                                "value": [
                                    "December 31, 2019",
                                    "https://www.ujjivansfb.in/pdf/Financials_Results_for_the_quarter_ended_December_31_2019.pdf"
                                ]
                            },
                            {
                                "key": "FY",
                                "value": [
                                    "---"
                                ]
                            }
                        ]
                    }
                ]
            },
            {
                "text": "Financial Results FY 2019-20",
                "content": [
                    {
                        "text":"",
                        "table": [
                            {
                                "key": "Years",
                                "value": [
                                    "2019 - 20"
                                ]
                            },
                            {
                                "key": "Particulars",
                                "value": [
                                    "Press Release"
                                ]
                            },
                            {
                                "key": "Q1",
                                "value": [
                                    "---"
                                ]
                            },
                            {
                                "key": "Q2",
                                "value": [
                                    "---",
                                    "https://www.ujjivansfb.in/pdf/Q3FY20_Press_Release_Ujjivan_Small_Finance_Bank.pdf"
                                ]
                            },
                            {
                                "key": "Q3",
                                "value": [
                                    "December 31, 2019"
                                ]
                            }
                        ]
                    }
                ]
            }
        ]
    }
}