{
    "url": "https://www.ujjivansfb.in/pdf/MDs_letter_in_Annual_Report_All_years.pdf",
    "domain": "Home",
    "class": "Investor Relations",
    "main_title": "MD's Letters",
    "subtitle": {
        "elements": [
            {
                "text": "Letters of Managing Director",
                "content": [
                    {
                        "text": [
                            "https://www.ujjivansfb.in/pdf/MDs_letter_in_Annual_Report_All_years.pdf"
                        ]
                    }
                ]
            }
        ]
    }
}