{
    "url": "https://www.ujjivansfb.in/stock-information",
    "domain": "Home",
    "class": "Investor Relations",
    "main_title": "Stock Information",
    "subtitle": {
        "elements": [
            {
                "text": "Shareholding Pattern FY 2019-20",
                "content": [
                    {
                        "text": "",
                        "table": [
                            {
                                "key": "Financial Year",
                                "value": [
                                    "2019 - 20"
                                ]
                            },
                            {
                                "key": "Q1",
                                "value": [
                                    "---"
                                ]
                            },
                            {
                                "key": "Q2",
                                "value": [
                                    "---"
                                ]
                            },
                            {
                                "key": "Q3",
                                "value": [
                                    "December 31, 2019",
                                    "https://www.ujjivansfb.in/pdf/Shareholding_Pattern_as_on_Dec_31_2019.pdf"
                                ]
                            },
                            {
                                "key": "Q4",
                                "value": [
                                    "---"
                                ]
                            }
                        ]
                    }
                ]
            },
            {
                "text": "Shareholding Pattern FY 2019-20",
                "content": [
                    {
                        "text": "",
                        "table": [
                            {
                                "key": "Financial Year",
                                "value": [
                                    "2019 - 20"
                                ]
                            },
                            {
                                "key": "Q1",
                                "value": [
                                    "---"
                                ]
                            },
                            {
                                "key": "Q2",
                                "value": [
                                    "---"
                                ]
                            },
                            {
                                "key": "Q3",
                                "value": [
                                    "December 10, 2019",
                                    "https://www.ujjivansfb.in/pdf/shareholding_pattern_19_20.pdf"
                                ]
                            },
                            {
                                "key": "Q4",
                                "value": [
                                    "---"
                                ]
                            }
                        ]
                    }
                ]
            }
        ]
    }
}