  {"https://indianbank.in/departments/joint-liability-group-jlg/" : {
                "page_hierarchy" : {
                        "domain" : "loan",
                        "class" : "agriculture"
                },

                "subtitle_pattern" : "<h3>.*</h3>",
                "html" : {
                        "main_title" : {
                                "tag" : "h1",
                                "class" : "contentTitle wow bounceInRight"
                        },

                        "main_content" : {
                                "tag" : "div",
                                "class" : "wow zoomIn"
                        }


                }
        }
}
