{
	"https://www.indianbank.in/departments/nri-plot-loan/" : {
		"page_hierarchy" : {
			"domain" : "loan",
			"class" : "personal"
		},

		"subtitle_pattern" : null,
		"html" : {
			"main_title" : {
				"tag" : "h1",
				"class" : "contentTitle wow bounceInRight"
			},

			"main_content" : {
				"tag" : "div",
				"class" : "wow zoomIn"
			}


		}
	},



	"https://www.indianbank.in/departments/nri-home-loan/" : {
		"page_hierarchy" : {
			"domain" : "loan",
			"class" : "personal"
		},

		"subtitle_pattern" : null,
		"html" : {
			"main_title" : {
				"tag" : "h1",
				"class" : "contentTitle wow bounceInRight"
			},

			"main_content" : {
				"tag" : "div",
				"class" : "wow zoomIn"
			}


		}
	}

}
